-- Combined CRM install script generated from 01 through 09 schema install scripts.
-- Source order matches crm_db_install.sql.
-- Execute from SQL*Plus or SQLcl as a single-file install.

set define off;

whenever oserror exit failure rollback
whenever sqlerror exit failure rollback

prompt ============================================================
prompt Running combined CRM install script crm_db_install_all_in_one.sql
prompt ============================================================
prompt [1/9] 01_crm_schema_ddl.sql
prompt ------------------------------------------------------------
-- BEGIN 01_crm_schema_ddl.sql
-- CRM schema DDL derived from crm/crm_schema_metadata.md.
-- Primary key and unique constraints create their supporting indexes automatically.
-- Audit defaults are provided for inserts; update stamping can be handled by triggers or application logic.

set define off;

--------------------------------------------------------------------------------
-- Lookup tables
--------------------------------------------------------------------------------

create table crm_lead_types (
    lead_type_id number generated by default on null as identity not null,
    code varchar2(32) not null,
    description varchar2(255) not null,
    row_version number default 1 not null,
    created_on date default sysdate not null,
    created_by varchar2(255) default sys_context('USERENV', 'SESSION_USER') not null,
    updated_on date default sysdate not null,
    updated_by varchar2(255) default sys_context('USERENV', 'SESSION_USER') not null,
    constraint pk_lead_types primary key (lead_type_id),
    constraint uk_lead_types_code unique (code)
);

create table crm_lead_states (
    lead_state_id number generated by default on null as identity not null,
    code varchar2(32) not null,
    description varchar2(255) not null,
    row_version number default 1 not null,
    created_on date default sysdate not null,
    created_by varchar2(255) default sys_context('USERENV', 'SESSION_USER') not null,
    updated_on date default sysdate not null,
    updated_by varchar2(255) default sys_context('USERENV', 'SESSION_USER') not null,
    constraint pk_lead_states primary key (lead_state_id),
    constraint uk_lead_states_code unique (code)
);

create table crm_lead_sources (
    lead_source_id number generated by default on null as identity not null,
    code varchar2(32) not null,
    description varchar2(255) not null,
    row_version number default 1 not null,
    created_on date default sysdate not null,
    created_by varchar2(255) default sys_context('USERENV', 'SESSION_USER') not null,
    updated_on date default sysdate not null,
    updated_by varchar2(255) default sys_context('USERENV', 'SESSION_USER') not null,
    constraint pk_lead_sources primary key (lead_source_id),
    constraint uk_lead_sources_code unique (code)
);

create table crm_lead_disqualification_reasons (
    lead_disqual_reason_id number generated by default on null as identity not null,
    code varchar2(32) not null,
    description varchar2(255) not null,
    row_version number default 1 not null,
    created_on date default sysdate not null,
    created_by varchar2(255) default sys_context('USERENV', 'SESSION_USER') not null,
    updated_on date default sysdate not null,
    updated_by varchar2(255) default sys_context('USERENV', 'SESSION_USER') not null,
    constraint pk_lead_dq_rsn primary key (lead_disqual_reason_id),
    constraint uk_lead_dq_rsn_code unique (code)
);

create table crm_opportunity_stages (
    opportunity_stage_id number generated by default on null as identity not null,
    code varchar2(32) not null,
    description varchar2(255) not null,
    seq_no number not null,
    row_version number default 1 not null,
    created_on date default sysdate not null,
    created_by varchar2(255) default sys_context('USERENV', 'SESSION_USER') not null,
    updated_on date default sysdate not null,
    updated_by varchar2(255) default sys_context('USERENV', 'SESSION_USER') not null,
    constraint pk_opp_stages primary key (opportunity_stage_id),
    constraint uk_opp_stages_code unique (code)
);

create table crm_opportunity_categories (
    opportunity_category_id number generated by default on null as identity not null,
    code varchar2(32) not null,
    description varchar2(255) not null,
    row_version number default 1 not null,
    created_on date default sysdate not null,
    created_by varchar2(255) default sys_context('USERENV', 'SESSION_USER') not null,
    updated_on date default sysdate not null,
    updated_by varchar2(255) default sys_context('USERENV', 'SESSION_USER') not null,
    constraint pk_opp_cats primary key (opportunity_category_id),
    constraint uk_opp_cats_code unique (code)
);

create table crm_opportunity_close_reasons (
    opportunity_close_reason_id number generated by default on null as identity not null,
    code varchar2(32) not null,
    description varchar2(255) not null,
    outcome_type varchar2(16) not null,
    row_version number default 1 not null,
    created_on date default sysdate not null,
    created_by varchar2(255) default sys_context('USERENV', 'SESSION_USER') not null,
    updated_on date default sysdate not null,
    updated_by varchar2(255) default sys_context('USERENV', 'SESSION_USER') not null,
    constraint pk_opp_close_rsn primary key (opportunity_close_reason_id),
    constraint uk_opp_close_rsn_code unique (code),
    constraint ck_opp_close_outcome check (outcome_type in ('WON', 'LOST'))
);

create table crm_quote_statuses (
    quote_status_id number generated by default on null as identity not null,
    code varchar2(32) not null,
    description varchar2(255) not null,
    seq_no number not null,
    row_version number default 1 not null,
    created_on date default sysdate not null,
    created_by varchar2(255) default sys_context('USERENV', 'SESSION_USER') not null,
    updated_on date default sysdate not null,
    updated_by varchar2(255) default sys_context('USERENV', 'SESSION_USER') not null,
    constraint pk_quote_stats primary key (quote_status_id),
    constraint uk_quote_stats_code unique (code)
);

create table crm_customer_statuses (
    customer_status_id number generated by default on null as identity not null,
    code varchar2(32) not null,
    description varchar2(255) not null,
    row_version number default 1 not null,
    created_on date default sysdate not null,
    created_by varchar2(255) default sys_context('USERENV', 'SESSION_USER') not null,
    updated_on date default sysdate not null,
    updated_by varchar2(255) default sys_context('USERENV', 'SESSION_USER') not null,
    constraint pk_cust_status primary key (customer_status_id),
    constraint uk_cust_status_code unique (code)
);

create table crm_customer_priorities (
    customer_priority_id number generated by default on null as identity not null,
    code varchar2(32) not null,
    description varchar2(255) not null,
    row_version number default 1 not null,
    created_on date default sysdate not null,
    created_by varchar2(255) default sys_context('USERENV', 'SESSION_USER') not null,
    updated_on date default sysdate not null,
    updated_by varchar2(255) default sys_context('USERENV', 'SESSION_USER') not null,
    constraint pk_cust_priority primary key (customer_priority_id),
    constraint uk_cust_prior_code unique (code)
);

create table crm_account_relationship_statuses (
    account_relationship_status_id number generated by default on null as identity not null,
    code varchar2(32) not null,
    description varchar2(255) not null,
    row_version number default 1 not null,
    created_on date default sysdate not null,
    created_by varchar2(255) default sys_context('USERENV', 'SESSION_USER') not null,
    updated_on date default sysdate not null,
    updated_by varchar2(255) default sys_context('USERENV', 'SESSION_USER') not null,
    constraint pk_acct_rel_status primary key (account_relationship_status_id),
    constraint uk_acct_rel_status_code unique (code)
);

create table crm_activity_types (
    activity_type_id number generated by default on null as identity not null,
    code varchar2(32) not null,
    description varchar2(255) not null,
    seq_no number not null,
    row_version number default 1 not null,
    created_on date default sysdate not null,
    created_by varchar2(255) default sys_context('USERENV', 'SESSION_USER') not null,
    updated_on date default sysdate not null,
    updated_by varchar2(255) default sys_context('USERENV', 'SESSION_USER') not null,
    constraint pk_act_types primary key (activity_type_id),
    constraint uk_act_types_code unique (code)
);

create table crm_activity_statuses (
    activity_status_id number generated by default on null as identity not null,
    code varchar2(32) not null,
    description varchar2(255) not null,
    seq_no number not null,
    row_version number default 1 not null,
    created_on date default sysdate not null,
    created_by varchar2(255) default sys_context('USERENV', 'SESSION_USER') not null,
    updated_on date default sysdate not null,
    updated_by varchar2(255) default sys_context('USERENV', 'SESSION_USER') not null,
    constraint pk_act_status primary key (activity_status_id),
    constraint uk_act_status_code unique (code)
);

create table crm_activity_outcomes (
    activity_outcome_id number generated by default on null as identity not null,
    code varchar2(32) not null,
    description varchar2(255) not null,
    row_version number default 1 not null,
    created_on date default sysdate not null,
    created_by varchar2(255) default sys_context('USERENV', 'SESSION_USER') not null,
    updated_on date default sysdate not null,
    updated_by varchar2(255) default sys_context('USERENV', 'SESSION_USER') not null,
    constraint pk_act_outcome primary key (activity_outcome_id),
    constraint uk_act_outcome_code unique (code)
);

create table crm_contact_roles (
    contact_role_id number generated by default on null as identity not null,
    code varchar2(32) not null,
    description varchar2(255) not null,
    row_version number default 1 not null,
    created_on date default sysdate not null,
    created_by varchar2(255) default sys_context('USERENV', 'SESSION_USER') not null,
    updated_on date default sysdate not null,
    updated_by varchar2(255) default sys_context('USERENV', 'SESSION_USER') not null,
    constraint pk_contact_role primary key (contact_role_id),
    constraint uk_contact_role_code unique (code)
);

create table crm_contact_channels (
    contact_channel_id number generated by default on null as identity not null,
    code varchar2(32) not null,
    description varchar2(255) not null,
    row_version number default 1 not null,
    created_on date default sysdate not null,
    created_by varchar2(255) default sys_context('USERENV', 'SESSION_USER') not null,
    updated_on date default sysdate not null,
    updated_by varchar2(255) default sys_context('USERENV', 'SESSION_USER') not null,
    constraint pk_contact_channel primary key (contact_channel_id),
    constraint uk_contact_channel_code unique (code)
);

create table crm_approval_statuses (
    approval_status_id number generated by default on null as identity not null,
    code varchar2(32) not null,
    description varchar2(255) not null,
    seq_no number not null,
    row_version number default 1 not null,
    created_on date default sysdate not null,
    created_by varchar2(255) default sys_context('USERENV', 'SESSION_USER') not null,
    updated_on date default sysdate not null,
    updated_by varchar2(255) default sys_context('USERENV', 'SESSION_USER') not null,
    constraint pk_appr_status primary key (approval_status_id),
    constraint uk_appr_status_code unique (code)
);

create table crm_payment_modes (
    payment_mode_id number generated by default on null as identity not null,
    code varchar2(32) not null,
    description varchar2(255) not null,
    row_version number default 1 not null,
    created_on date default sysdate not null,
    created_by varchar2(255) default sys_context('USERENV', 'SESSION_USER') not null,
    updated_on date default sysdate not null,
    updated_by varchar2(255) default sys_context('USERENV', 'SESSION_USER') not null,
    constraint pk_pay_modes primary key (payment_mode_id),
    constraint uk_pay_mode_code unique (code)
);

create table crm_payment_statuses (
    payment_status_id number generated by default on null as identity not null,
    code varchar2(32) not null,
    description varchar2(255) not null,
    row_version number default 1 not null,
    created_on date default sysdate not null,
    created_by varchar2(255) default sys_context('USERENV', 'SESSION_USER') not null,
    updated_on date default sysdate not null,
    updated_by varchar2(255) default sys_context('USERENV', 'SESSION_USER') not null,
    constraint pk_pay_status primary key (payment_status_id),
    constraint uk_pay_status_code unique (code)
);

create table crm_order_statuses (
    order_status_id number generated by default on null as identity not null,
    code varchar2(32) not null,
    description varchar2(255) not null,
    seq_no number not null,
    row_version number default 1 not null,
    created_on date default sysdate not null,
    created_by varchar2(255) default sys_context('USERENV', 'SESSION_USER') not null,
    updated_on date default sysdate not null,
    updated_by varchar2(255) default sys_context('USERENV', 'SESSION_USER') not null,
    constraint pk_order_status primary key (order_status_id),
    constraint uk_order_status_code unique (code)
);

create table crm_invoice_statuses (
    invoice_status_id number generated by default on null as identity not null,
    code varchar2(32) not null,
    description varchar2(255) not null,
    seq_no number not null,
    row_version number default 1 not null,
    created_on date default sysdate not null,
    created_by varchar2(255) default sys_context('USERENV', 'SESSION_USER') not null,
    updated_on date default sysdate not null,
    updated_by varchar2(255) default sys_context('USERENV', 'SESSION_USER') not null,
    constraint pk_invoice_status primary key (invoice_status_id),
    constraint uk_inv_status_code unique (code)
);

create table crm_forecast_categories (
    forecast_category_id number generated by default on null as identity not null,
    code varchar2(32) not null,
    description varchar2(255) not null,
    seq_no number not null,
    row_version number default 1 not null,
    created_on date default sysdate not null,
    created_by varchar2(255) default sys_context('USERENV', 'SESSION_USER') not null,
    updated_on date default sysdate not null,
    updated_by varchar2(255) default sys_context('USERENV', 'SESSION_USER') not null,
    constraint pk_fcst_category primary key (forecast_category_id),
    constraint uk_fcst_cat_code unique (code)
);

create table crm_order_sources (
    order_source_id number generated by default on null as identity not null,
    code varchar2(32) not null,
    description varchar2(255) not null,
    row_version number default 1 not null,
    created_on date default sysdate not null,
    created_by varchar2(255) default sys_context('USERENV', 'SESSION_USER') not null,
    updated_on date default sysdate not null,
    updated_by varchar2(255) default sys_context('USERENV', 'SESSION_USER') not null,
    constraint pk_order_source primary key (order_source_id),
    constraint uk_order_src_code unique (code)
);

--------------------------------------------------------------------------------
-- Reference and master data
--------------------------------------------------------------------------------

create table crm_regions (
    region_id number generated by default on null as identity not null,
    code varchar2(32) not null,
    name varchar2(255) not null,
    row_version number default 1 not null,
    created_on date default sysdate not null,
    created_by varchar2(255) default sys_context('USERENV', 'SESSION_USER') not null,
    updated_on date default sysdate not null,
    updated_by varchar2(255) default sys_context('USERENV', 'SESSION_USER') not null,
    constraint pk_regions primary key (region_id),
    constraint uk_regions_code unique (code),
    constraint uk_regions_name unique (name)
);

create table crm_branches (
    branch_id number generated by default on null as identity not null,
    code varchar2(32) not null,
    name varchar2(255) not null,
    city varchar2(255),
    state varchar2(255),
    region_id number not null,
    row_version number default 1 not null,
    created_on date default sysdate not null,
    created_by varchar2(255) default sys_context('USERENV', 'SESSION_USER') not null,
    updated_on date default sysdate not null,
    updated_by varchar2(255) default sys_context('USERENV', 'SESSION_USER') not null,
    constraint pk_branches primary key (branch_id),
    constraint uk_branches_code unique (code),
    constraint fk_branch_region foreign key (region_id)
        references crm_regions (region_id)
);

create table crm_roles (
    role_id number generated by default on null as identity not null,
    code varchar2(32) not null,
    name varchar2(255) not null,
    row_version number default 1 not null,
    created_on date default sysdate not null,
    created_by varchar2(255) default sys_context('USERENV', 'SESSION_USER') not null,
    updated_on date default sysdate not null,
    updated_by varchar2(255) default sys_context('USERENV', 'SESSION_USER') not null,
    constraint pk_roles primary key (role_id),
    constraint uk_roles_code unique (code),
    constraint uk_roles_name unique (name)
);

create table crm_users (
    user_id number generated by default on null as identity not null,
    username varchar2(255) not null,
    email varchar2(255) not null,
    phone varchar2(32),
    role_id number not null,
    region_id number,
    branch_id number,
    supervisor_user_id number,
    row_version number default 1 not null,
    created_on date default sysdate not null,
    created_by varchar2(255) default sys_context('USERENV', 'SESSION_USER') not null,
    updated_on date default sysdate not null,
    updated_by varchar2(255) default sys_context('USERENV', 'SESSION_USER') not null,
    constraint pk_users primary key (user_id),
    constraint uk_users_username unique (username),
    constraint uk_users_email unique (email),
    constraint fk_user_role foreign key (role_id)
        references crm_roles (role_id),
    constraint fk_user_region foreign key (region_id)
        references crm_regions (region_id),
    constraint fk_user_branch foreign key (branch_id)
        references crm_branches (branch_id),
    constraint fk_user_supervisor foreign key (supervisor_user_id)
        references crm_users (user_id)
);

create table crm_industries (
    industry_id number generated by default on null as identity not null,
    code varchar2(32) not null,
    name varchar2(255) not null,
    row_version number default 1 not null,
    created_on date default sysdate not null,
    created_by varchar2(255) default sys_context('USERENV', 'SESSION_USER') not null,
    updated_on date default sysdate not null,
    updated_by varchar2(255) default sys_context('USERENV', 'SESSION_USER') not null,
    constraint pk_industries primary key (industry_id),
    constraint uk_industries_code unique (code),
    constraint uk_industries_name unique (name)
);

create table crm_product_types (
    product_type_id number generated by default on null as identity not null,
    code varchar2(32) not null,
    name varchar2(255) not null,
    row_version number default 1 not null,
    created_on date default sysdate not null,
    created_by varchar2(255) default sys_context('USERENV', 'SESSION_USER') not null,
    updated_on date default sysdate not null,
    updated_by varchar2(255) default sys_context('USERENV', 'SESSION_USER') not null,
    constraint pk_prod_types primary key (product_type_id),
    constraint uk_prod_types_code unique (code),
    constraint uk_prod_types_name unique (name)
);

create table crm_products (
    product_id number generated by default on null as identity not null,
    code varchar2(32) not null,
    name varchar2(255) not null,
    product_type_id number not null,
    description varchar2(4000),
    row_version number default 1 not null,
    created_on date default sysdate not null,
    created_by varchar2(255) default sys_context('USERENV', 'SESSION_USER') not null,
    updated_on date default sysdate not null,
    updated_by varchar2(255) default sys_context('USERENV', 'SESSION_USER') not null,
    constraint pk_products primary key (product_id),
    constraint uk_products_code unique (code),
    constraint fk_product_type foreign key (product_type_id)
        references crm_product_types (product_type_id)
);

create table crm_accounts (
    account_id number generated by default on null as identity not null,
    name varchar2(255) not null,
    industry_id number,
    account_relationship_status_id number not null,
    website varchar2(255),
    city varchar2(255),
    state varchar2(255),
    branch_id number,
    user_owner_id number,
    row_version number default 1 not null,
    created_on date default sysdate not null,
    created_by varchar2(255) default sys_context('USERENV', 'SESSION_USER') not null,
    updated_on date default sysdate not null,
    updated_by varchar2(255) default sys_context('USERENV', 'SESSION_USER') not null,
    constraint pk_accounts primary key (account_id),
    constraint fk_account_industry foreign key (industry_id)
        references crm_industries (industry_id),
    constraint fk_account_rel_status foreign key (account_relationship_status_id)
        references crm_account_relationship_statuses (account_relationship_status_id),
    constraint fk_account_branch foreign key (branch_id)
        references crm_branches (branch_id),
    constraint fk_account_owner foreign key (user_owner_id)
        references crm_users (user_id)
);

create table crm_contacts (
    contact_id number generated by default on null as identity not null,
    account_id number not null,
    name varchar2(255) not null,
    email varchar2(255),
    phone varchar2(32),
    designation varchar2(255),
    preferred_channel_id number,
    preferred_contact_window varchar2(255),
    preferred_contact_notes varchar2(4000),
    row_version number default 1 not null,
    created_on date default sysdate not null,
    created_by varchar2(255) default sys_context('USERENV', 'SESSION_USER') not null,
    updated_on date default sysdate not null,
    updated_by varchar2(255) default sys_context('USERENV', 'SESSION_USER') not null,
    constraint pk_contacts primary key (contact_id),
    constraint fk_contact_account foreign key (account_id)
        references crm_accounts (account_id),
    constraint fk_contact_pref_channel foreign key (preferred_channel_id)
        references crm_contact_channels (contact_channel_id)
);

create table crm_account_contact_roles (
    account_contact_role_id number generated by default on null as identity not null,
    account_id number not null,
    contact_id number not null,
    contact_role_id number not null,
    role_notes varchar2(4000),
    row_version number default 1 not null,
    created_on date default sysdate not null,
    created_by varchar2(255) default sys_context('USERENV', 'SESSION_USER') not null,
    updated_on date default sysdate not null,
    updated_by varchar2(255) default sys_context('USERENV', 'SESSION_USER') not null,
    constraint pk_acct_contact_role primary key (account_contact_role_id),
    constraint uk_acct_contact_role unique (account_id, contact_id, contact_role_id),
    constraint fk_acct_cont_role_acct foreign key (account_id)
        references crm_accounts (account_id),
    constraint fk_acct_cont_role_cont foreign key (contact_id)
        references crm_contacts (contact_id),
    constraint fk_acct_cont_role_role foreign key (contact_role_id)
        references crm_contact_roles (contact_role_id)
);

create table crm_customers (
    customer_id number generated by default on null as identity not null,
    customer_code varchar2(64) generated always as ('CUST-' || to_char(customer_id)) virtual,
    account_id number not null,
    primary_contact_id number,
    name varchar2(255) not null,
    industry_id number,
    website varchar2(255),
    branch_id number,
    user_owner_id number,
    customer_status_id number,
    customer_priority_id number,
    billing_address varchar2(4000),
    shipping_address varchar2(4000),
    row_version number default 1 not null,
    created_on date default sysdate not null,
    created_by varchar2(255) default sys_context('USERENV', 'SESSION_USER') not null,
    updated_on date default sysdate not null,
    updated_by varchar2(255) default sys_context('USERENV', 'SESSION_USER') not null,
    constraint pk_customers primary key (customer_id),
    constraint uk_customers_code unique (customer_code),
    constraint fk_cust_account foreign key (account_id)
        references crm_accounts (account_id),
    constraint fk_cust_contact foreign key (primary_contact_id)
        references crm_contacts (contact_id),
    constraint fk_cust_industry foreign key (industry_id)
        references crm_industries (industry_id),
    constraint fk_cust_branch foreign key (branch_id)
        references crm_branches (branch_id),
    constraint fk_cust_owner foreign key (user_owner_id)
        references crm_users (user_id),
    constraint fk_cust_status foreign key (customer_status_id)
        references crm_customer_statuses (customer_status_id),
    constraint fk_cust_priority foreign key (customer_priority_id)
        references crm_customer_priorities (customer_priority_id)
);

--------------------------------------------------------------------------------
-- Sales pipeline
--------------------------------------------------------------------------------

create table crm_leads (
    lead_id number generated by default on null as identity not null,
    lead_code varchar2(64) generated always as ('LEAD-' || to_char(lead_id)) virtual,
    account_id number,
    contact_id number,
    lead_subject varchar2(255) not null,
    lead_type_id number not null,
    lead_state_id number not null,
    lead_source_id number,
    lead_disqual_reason_id number,
    branch_id number,
    user_owner_id number not null,
    budget_amt number(18,2),
    expected_value_amt number(18,2),
    city varchar2(255),
    state varchar2(255),
    details varchar2(4000),
    qualification_summary varchar2(4000),
    next_action_date date,
    status_date date,
    converted_opportunity_id number,
    converted_customer_id number,
    row_version number default 1 not null,
    created_on date default sysdate not null,
    created_by varchar2(255) default sys_context('USERENV', 'SESSION_USER') not null,
    updated_on date default sysdate not null,
    updated_by varchar2(255) default sys_context('USERENV', 'SESSION_USER') not null,
    constraint pk_leads primary key (lead_id),
    constraint uk_leads_code unique (lead_code),
    constraint fk_lead_account foreign key (account_id)
        references crm_accounts (account_id),
    constraint fk_lead_contact foreign key (contact_id)
        references crm_contacts (contact_id),
    constraint fk_lead_type foreign key (lead_type_id)
        references crm_lead_types (lead_type_id),
    constraint fk_lead_state foreign key (lead_state_id)
        references crm_lead_states (lead_state_id),
    constraint fk_lead_source foreign key (lead_source_id)
        references crm_lead_sources (lead_source_id),
    constraint fk_lead_dq_rsn foreign key (lead_disqual_reason_id)
        references crm_lead_disqualification_reasons (lead_disqual_reason_id),
    constraint fk_lead_branch foreign key (branch_id)
        references crm_branches (branch_id),
    constraint fk_lead_owner foreign key (user_owner_id)
        references crm_users (user_id),
    constraint fk_lead_cvt_cust foreign key (converted_customer_id)
        references crm_customers (customer_id)
);

create table crm_lead_history (
    lead_hist_id number generated by default on null as identity not null,
    lead_id number not null,
    field_name varchar2(64) not null,
    old_value varchar2(4000),
    new_value varchar2(4000),
    changed_by_user_id number not null,
    changed_on date not null,
    constraint pk_lead_hist primary key (lead_hist_id),
    constraint fk_lead_hist_lead foreign key (lead_id)
        references crm_leads (lead_id),
    constraint fk_lead_hist_user foreign key (changed_by_user_id)
        references crm_users (user_id)
);

create table crm_opportunities (
    opportunity_id number generated by default on null as identity not null,
    opportunity_code varchar2(64) generated always as ('OPPO-' || to_char(opportunity_id)) virtual,
    lead_id number not null,
    account_id number not null,
    primary_contact_id number,
    opportunity_stage_id number not null,
    opportunity_category_id number,
    user_owner_id number not null,
    close_reason_id number,
    opportunity_name varchar2(255) not null,
    value_amt number(18,2),
    probability_pct number(5,2),
    expected_close_date date,
    current_stage_date date,
    next_action_date date,
    next_review_date date,
    details varchar2(4000),
    closed_date date,
    row_version number default 1 not null,
    created_on date default sysdate not null,
    created_by varchar2(255) default sys_context('USERENV', 'SESSION_USER') not null,
    updated_on date default sysdate not null,
    updated_by varchar2(255) default sys_context('USERENV', 'SESSION_USER') not null,
    constraint pk_opps primary key (opportunity_id),
    constraint uk_opportunities_code unique (opportunity_code),
    constraint fk_opp_lead foreign key (lead_id)
        references crm_leads (lead_id),
    constraint fk_opp_account foreign key (account_id)
        references crm_accounts (account_id),
    constraint fk_opp_contact foreign key (primary_contact_id)
        references crm_contacts (contact_id),
    constraint fk_opp_stage foreign key (opportunity_stage_id)
        references crm_opportunity_stages (opportunity_stage_id),
    constraint fk_opp_category foreign key (opportunity_category_id)
        references crm_opportunity_categories (opportunity_category_id),
    constraint fk_opp_owner foreign key (user_owner_id)
        references crm_users (user_id),
    constraint fk_opp_close_rsn foreign key (close_reason_id)
        references crm_opportunity_close_reasons (opportunity_close_reason_id)
);

create table crm_opportunity_stage_history (
    opp_stage_hist_id number generated by default on null as identity not null,
    opportunity_id number not null,
    old_stage_id number,
    new_stage_id number,
    changed_by_user_id number not null,
    changed_on date not null,
    constraint pk_opp_stage_h primary key (opp_stage_hist_id),
    constraint fk_osh_opp foreign key (opportunity_id)
        references crm_opportunities (opportunity_id),
    constraint fk_osh_old_stage foreign key (old_stage_id)
        references crm_opportunity_stages (opportunity_stage_id),
    constraint fk_osh_new_stage foreign key (new_stage_id)
        references crm_opportunity_stages (opportunity_stage_id),
    constraint fk_osh_user foreign key (changed_by_user_id)
        references crm_users (user_id)
);

create table crm_opportunity_history (
    opportunity_hist_id number generated by default on null as identity not null,
    opportunity_id number not null,
    field_name varchar2(64) not null,
    old_value varchar2(4000),
    new_value varchar2(4000),
    changed_by_user_id number not null,
    changed_on date not null,
    constraint pk_opp_hist primary key (opportunity_hist_id),
    constraint fk_opp_hist_opp foreign key (opportunity_id)
        references crm_opportunities (opportunity_id),
    constraint fk_opp_hist_user foreign key (changed_by_user_id)
        references crm_users (user_id)
);

create table crm_opportunity_contacts (
    opportunity_contact_id number generated by default on null as identity not null,
    opportunity_id number not null,
    contact_id number not null,
    contact_role_id number not null,
    is_primary char(1) not null,
    row_version number default 1 not null,
    created_on date default sysdate not null,
    created_by varchar2(255) default sys_context('USERENV', 'SESSION_USER') not null,
    updated_on date default sysdate not null,
    updated_by varchar2(255) default sys_context('USERENV', 'SESSION_USER') not null,
    constraint pk_opp_contact primary key (opportunity_contact_id),
    constraint fk_opp_contact_opp foreign key (opportunity_id)
        references crm_opportunities (opportunity_id),
    constraint fk_opp_contact_cont foreign key (contact_id)
        references crm_contacts (contact_id),
    constraint fk_opp_contact_role foreign key (contact_role_id)
        references crm_contact_roles (contact_role_id),
    constraint ck_opp_cont_primary check (is_primary in ('Y', 'N'))
);

create table crm_opportunity_products (
    opportunity_product_id number generated by default on null as identity not null,
    opportunity_id number not null,
    product_id number not null,
    interest_rank_no number,
    estimated_quantity number,
    estimated_value_amt number(18,2),
    interest_notes varchar2(4000),
    row_version number default 1 not null,
    created_on date default sysdate not null,
    created_by varchar2(255) default sys_context('USERENV', 'SESSION_USER') not null,
    updated_on date default sysdate not null,
    updated_by varchar2(255) default sys_context('USERENV', 'SESSION_USER') not null,
    constraint pk_opp_product primary key (opportunity_product_id),
    constraint uk_opp_product unique (opportunity_id, product_id),
    constraint fk_opp_product_opp foreign key (opportunity_id)
        references crm_opportunities (opportunity_id),
    constraint fk_opp_product_prod foreign key (product_id)
        references crm_products (product_id),
    constraint ck_opp_product_rank check (
        interest_rank_no is null or interest_rank_no > 0
    ),
    constraint ck_opp_product_qty check (
        estimated_quantity is null or estimated_quantity > 0
    ),
    constraint ck_opp_product_value check (
        estimated_value_amt is null or estimated_value_amt >= 0
    )
);

--------------------------------------------------------------------------------
-- Customers and quotes
--------------------------------------------------------------------------------

create table crm_customer_contacts (
    customer_contact_id number generated by default on null as identity not null,
    customer_id number not null,
    contact_id number not null,
    contact_role_id number not null,
    is_primary char(1) not null,
    row_version number default 1 not null,
    created_on date default sysdate not null,
    created_by varchar2(255) default sys_context('USERENV', 'SESSION_USER') not null,
    updated_on date default sysdate not null,
    updated_by varchar2(255) default sys_context('USERENV', 'SESSION_USER') not null,
    constraint pk_cust_contact primary key (customer_contact_id),
    constraint fk_cust_cont_cust foreign key (customer_id)
        references crm_customers (customer_id),
    constraint fk_cust_cont_cont foreign key (contact_id)
        references crm_contacts (contact_id),
    constraint fk_cust_cont_role foreign key (contact_role_id)
        references crm_contact_roles (contact_role_id),
    constraint ck_cust_cont_primary check (is_primary in ('Y', 'N'))
);

create table crm_customer_history (
    customer_hist_id number generated by default on null as identity not null,
    customer_id number not null,
    field_name varchar2(64) not null,
    old_value varchar2(4000),
    new_value varchar2(4000),
    changed_by_user_id number not null,
    changed_on date not null,
    constraint pk_cust_hist primary key (customer_hist_id),
    constraint fk_cust_hist_cust foreign key (customer_id)
        references crm_customers (customer_id),
    constraint fk_cust_hist_user foreign key (changed_by_user_id)
        references crm_users (user_id)
);

create table crm_quotes (
    quote_id number generated by default on null as identity not null,
    opportunity_id number not null,
    account_id number not null,
    customer_id number,
    contact_id number,
    user_owner_id number not null,
    quote_status_id number not null,
    approval_status_id number,
    quote_no varchar2(64) not null,
    version_no number not null,
    parent_quote_id number,
    quote_date date not null,
    expiry_date date,
    accepted_date date,
    rejected_date date,
    discount_amt number(18,2),
    tax_amt number(18,2),
    total_amt number(18,2),
    terms_text varchar2(4000),
    special_notes varchar2(4000),
    row_version number default 1 not null,
    created_on date default sysdate not null,
    created_by varchar2(255) default sys_context('USERENV', 'SESSION_USER') not null,
    updated_on date default sysdate not null,
    updated_by varchar2(255) default sys_context('USERENV', 'SESSION_USER') not null,
    constraint pk_quotes primary key (quote_id),
    constraint uk_quotes_no_ver unique (quote_no, version_no),
    constraint fk_quote_opp foreign key (opportunity_id)
        references crm_opportunities (opportunity_id),
    constraint fk_quote_account foreign key (account_id)
        references crm_accounts (account_id),
    constraint fk_quote_customer foreign key (customer_id)
        references crm_customers (customer_id),
    constraint fk_quote_contact foreign key (contact_id)
        references crm_contacts (contact_id),
    constraint fk_quote_owner foreign key (user_owner_id)
        references crm_users (user_id),
    constraint fk_quote_status foreign key (quote_status_id)
        references crm_quote_statuses (quote_status_id),
    constraint fk_quote_appr_status foreign key (approval_status_id)
        references crm_approval_statuses (approval_status_id),
    constraint fk_quote_parent foreign key (parent_quote_id)
        references crm_quotes (quote_id),
    constraint ck_quote_discount check (discount_amt is null or discount_amt >= 0),
    constraint ck_quote_tax check (tax_amt is null or tax_amt >= 0),
    constraint ck_quote_total check (total_amt is null or total_amt >= 0)
);

create table crm_quote_lines (
    quote_line_id number generated by default on null as identity not null,
    quote_id number not null,
    line_no number not null,
    product_id number,
    description varchar2(4000),
    quantity number not null,
    unit_price number(18,2) not null,
    discount_amt number(18,2),
    tax_amt number(18,2),
    line_amt number(18,2) not null,
    row_version number default 1 not null,
    created_on date default sysdate not null,
    created_by varchar2(255) default sys_context('USERENV', 'SESSION_USER') not null,
    updated_on date default sysdate not null,
    updated_by varchar2(255) default sys_context('USERENV', 'SESSION_USER') not null,
    constraint pk_quote_lines primary key (quote_line_id),
    constraint fk_quote_line_quote foreign key (quote_id)
        references crm_quotes (quote_id),
    constraint fk_quote_line_prod foreign key (product_id)
        references crm_products (product_id),
    constraint ck_quote_line_qty check (quantity > 0),
    constraint ck_quote_line_price check (unit_price >= 0),
    constraint ck_quote_line_disc check (discount_amt is null or discount_amt >= 0),
    constraint ck_quote_line_tax check (tax_amt is null or tax_amt >= 0),
    constraint ck_quote_line_amt check (line_amt >= 0)
);

create table crm_quote_history (
    quote_hist_id number generated by default on null as identity not null,
    quote_id number not null,
    field_name varchar2(64) not null,
    old_value varchar2(4000),
    new_value varchar2(4000),
    changed_by_user_id number not null,
    changed_on date not null,
    constraint pk_quote_hist primary key (quote_hist_id),
    constraint fk_quote_hist_quote foreign key (quote_id)
        references crm_quotes (quote_id),
    constraint fk_quote_hist_user foreign key (changed_by_user_id)
        references crm_users (user_id)
);

--------------------------------------------------------------------------------
-- Activities, approvals, and commercial execution
--------------------------------------------------------------------------------

create table crm_activities (
    activity_id number generated by default on null as identity not null,
    activity_type_id number not null,
    activity_status_id number not null,
    activity_outcome_id number,
    owner_user_id number not null,
    assigned_user_id number,
    subject varchar2(255),
    detail varchar2(4000),
    scheduled_start_on date,
    scheduled_end_on date,
    due_on date,
    completed_on date,
    reminder_on date,
    row_version number default 1 not null,
    created_on date default sysdate not null,
    created_by varchar2(255) default sys_context('USERENV', 'SESSION_USER') not null,
    updated_on date default sysdate not null,
    updated_by varchar2(255) default sys_context('USERENV', 'SESSION_USER') not null,
    constraint pk_activities primary key (activity_id),
    constraint fk_activity_type foreign key (activity_type_id)
        references crm_activity_types (activity_type_id),
    constraint fk_activity_status foreign key (activity_status_id)
        references crm_activity_statuses (activity_status_id),
    constraint fk_activity_outcome foreign key (activity_outcome_id)
        references crm_activity_outcomes (activity_outcome_id),
    constraint fk_activity_owner foreign key (owner_user_id)
        references crm_users (user_id),
    constraint fk_activity_assigned foreign key (assigned_user_id)
        references crm_users (user_id)
);

create table crm_activity_relations (
    activity_relation_id number generated by default on null as identity not null,
    activity_id number not null,
    related_entity_type varchar2(32) not null,
    related_entity_id number not null,
    is_primary char(1) not null,
    row_version number default 1 not null,
    created_on date default sysdate not null,
    created_by varchar2(255) default sys_context('USERENV', 'SESSION_USER') not null,
    updated_on date default sysdate not null,
    updated_by varchar2(255) default sys_context('USERENV', 'SESSION_USER') not null,
    constraint pk_act_rel primary key (activity_relation_id),
    constraint fk_act_rel_activity foreign key (activity_id)
        references crm_activities (activity_id),
    constraint ck_activity_rel_type check (
        related_entity_type in (
            'ACCOUNT',
            'CONTACT',
            'LEAD',
            'OPPORTUNITY',
            'CUSTOMER',
            'QUOTE',
            'ORDER',
            'INVOICE',
            'PAYMENT'
        )
    ),
    constraint ck_activity_rel_pri check (is_primary in ('Y', 'N'))
);

create table crm_approval_rules (
    approval_rule_id number generated by default on null as identity not null,
    rule_name varchar2(255) not null,
    entity_type varchar2(32) not null,
    branch_id number,
    region_id number,
    min_amount number(18,2),
    max_amount number(18,2),
    approver_role_id number not null,
    escalate_role_id number,
    response_due_hours number default 24 not null,
    seq_no number not null,
    row_version number default 1 not null,
    created_on date default sysdate not null,
    created_by varchar2(255) default sys_context('USERENV', 'SESSION_USER') not null,
    updated_on date default sysdate not null,
    updated_by varchar2(255) default sys_context('USERENV', 'SESSION_USER') not null,
    constraint pk_approval_rule primary key (approval_rule_id),
    constraint fk_appr_rule_branch foreign key (branch_id)
        references crm_branches (branch_id),
    constraint fk_appr_rule_region foreign key (region_id)
        references crm_regions (region_id),
    constraint fk_appr_rule_role foreign key (approver_role_id)
        references crm_roles (role_id),
    constraint fk_appr_esc_role foreign key (escalate_role_id)
        references crm_roles (role_id),
    constraint ck_appr_rule_entity check (entity_type in ('ORDER', 'QUOTE')),
    constraint ck_appr_rule_amt check (
        (min_amount is null or min_amount >= 0)
        and (max_amount is null or max_amount >= 0)
        and (min_amount is null or max_amount is null or min_amount <= max_amount)
        and response_due_hours > 0
    )
);

create table crm_access_rules (
    access_rule_id number generated by default on null as identity not null,
    rule_name varchar2(255) not null,
    entity_name varchar2(32) not null,
    role_id number not null,
    access_scope_code varchar2(32) not null,
    can_view char(1) default 'Y' not null,
    can_create char(1) default 'N' not null,
    can_update char(1) default 'N' not null,
    can_delete char(1) default 'N' not null,
    can_approve char(1) default 'N' not null,
    row_version number default 1 not null,
    created_on date default sysdate not null,
    created_by varchar2(255) default sys_context('USERENV', 'SESSION_USER') not null,
    updated_on date default sysdate not null,
    updated_by varchar2(255) default sys_context('USERENV', 'SESSION_USER') not null,
    constraint pk_access_rule primary key (access_rule_id),
    constraint uk_access_rule unique (entity_name, role_id, access_scope_code),
    constraint fk_access_rule_role foreign key (role_id)
        references crm_roles (role_id),
    constraint ck_access_rule_entity check (
        entity_name in (
            'ACCOUNT',
            'CONTACT',
            'LEAD',
            'OPPORTUNITY',
            'CUSTOMER',
            'QUOTE',
            'ORDER',
            'INVOICE',
            'PAYMENT',
            'ACTIVITY',
            'TARGET',
            'FORECAST',
            'SETUP'
        )
    ),
    constraint ck_access_rule_scope check (
        access_scope_code in ('OWNED', 'ASSIGNED', 'BRANCH', 'REGION', 'ALL')
    ),
    constraint ck_access_rule_flags check (
        can_view in ('Y', 'N')
        and can_create in ('Y', 'N')
        and can_update in ('Y', 'N')
        and can_delete in ('Y', 'N')
        and can_approve in ('Y', 'N')
    )
);

create table crm_orders (
    order_id number generated by default on null as identity not null,
    customer_id number not null,
    quote_id number,
    order_source_id number not null,
    user_sales_id number not null,
    order_status_id number not null,
    approval_status_id number,
    approval_required char(1) not null,
    order_date date not null,
    delivery_date date,
    total_amt number(18,2),
    row_version number default 1 not null,
    created_on date default sysdate not null,
    created_by varchar2(255) default sys_context('USERENV', 'SESSION_USER') not null,
    updated_on date default sysdate not null,
    updated_by varchar2(255) default sys_context('USERENV', 'SESSION_USER') not null,
    constraint pk_orders primary key (order_id),
    constraint fk_order_customer foreign key (customer_id)
        references crm_customers (customer_id),
    constraint fk_order_quote foreign key (quote_id)
        references crm_quotes (quote_id),
    constraint fk_order_source foreign key (order_source_id)
        references crm_order_sources (order_source_id),
    constraint fk_order_sales foreign key (user_sales_id)
        references crm_users (user_id),
    constraint fk_order_status foreign key (order_status_id)
        references crm_order_statuses (order_status_id),
    constraint fk_order_appr_status foreign key (approval_status_id)
        references crm_approval_statuses (approval_status_id),
    constraint ck_order_appr_req check (approval_required in ('Y', 'N')),
    constraint ck_order_delivery check (delivery_date is null or delivery_date >= order_date),
    constraint ck_order_total check (total_amt is null or total_amt >= 0)
);

create table crm_order_history (
    order_hist_id number generated by default on null as identity not null,
    order_id number not null,
    field_name varchar2(64) not null,
    old_value varchar2(4000),
    new_value varchar2(4000),
    changed_by_user_id number not null,
    changed_on date not null,
    constraint pk_order_hist primary key (order_hist_id),
    constraint fk_order_hist_order foreign key (order_id)
        references crm_orders (order_id),
    constraint fk_order_hist_user foreign key (changed_by_user_id)
        references crm_users (user_id)
);

create table crm_approval_actions (
    approval_action_id number generated by default on null as identity not null,
    order_id number,
    quote_id number,
    approval_rule_id number,
    approval_status_id number not null,
    action_seq_no number not null,
    actor_user_id number not null,
    action_on date not null,
    comments varchar2(4000),
    row_version number default 1 not null,
    created_on date default sysdate not null,
    created_by varchar2(255) default sys_context('USERENV', 'SESSION_USER') not null,
    updated_on date default sysdate not null,
    updated_by varchar2(255) default sys_context('USERENV', 'SESSION_USER') not null,
    constraint pk_appr_action primary key (approval_action_id),
    constraint fk_appr_action_order foreign key (order_id)
        references crm_orders (order_id),
    constraint fk_appr_action_quote foreign key (quote_id)
        references crm_quotes (quote_id),
    constraint fk_appr_action_rule foreign key (approval_rule_id)
        references crm_approval_rules (approval_rule_id),
    constraint fk_appr_action_status foreign key (approval_status_id)
        references crm_approval_statuses (approval_status_id),
    constraint fk_appr_action_user foreign key (actor_user_id)
        references crm_users (user_id),
    constraint ck_appr_action_one_ref check (
        (order_id is not null and quote_id is null)
        or (order_id is null and quote_id is not null)
    )
);

create table crm_bookings (
    booking_id number generated by default on null as identity not null,
    order_id number not null,
    line_no number not null,
    product_type_id number,
    product_id number,
    price number(18,2) not null,
    quantity number not null,
    discount_amt number(18,2),
    tax_amt number(18,2),
    line_amt number(18,2) not null,
    row_version number default 1 not null,
    created_on date default sysdate not null,
    created_by varchar2(255) default sys_context('USERENV', 'SESSION_USER') not null,
    updated_on date default sysdate not null,
    updated_by varchar2(255) default sys_context('USERENV', 'SESSION_USER') not null,
    constraint pk_bookings primary key (booking_id),
    constraint fk_booking_order foreign key (order_id)
        references crm_orders (order_id),
    constraint fk_booking_prod_type foreign key (product_type_id)
        references crm_product_types (product_type_id),
    constraint fk_booking_product foreign key (product_id)
        references crm_products (product_id),
    constraint ck_booking_price check (price >= 0),
    constraint ck_booking_qty check (quantity > 0),
    constraint ck_booking_disc check (discount_amt is null or discount_amt >= 0),
    constraint ck_booking_tax check (tax_amt is null or tax_amt >= 0),
    constraint ck_booking_amt check (line_amt >= 0)
);

create table crm_booking_history (
    booking_hist_id number generated by default on null as identity not null,
    booking_id number not null,
    field_name varchar2(64) not null,
    old_value varchar2(4000),
    new_value varchar2(4000),
    changed_by_user_id number not null,
    changed_on date not null,
    constraint pk_booking_hist primary key (booking_hist_id),
    constraint fk_book_hist_booking foreign key (booking_id)
        references crm_bookings (booking_id),
    constraint fk_book_hist_user foreign key (changed_by_user_id)
        references crm_users (user_id)
);

create table crm_invoices (
    invoice_id number generated by default on null as identity not null,
    order_id number not null,
    invoice_no varchar2(64) not null,
    invoice_status_id number not null,
    invoice_date date not null,
    due_date date,
    tax_amt number(18,2),
    total_amt number(18,2),
    paid_amt number(18,2),
    outstanding_amt number(18,2),
    row_version number default 1 not null,
    created_on date default sysdate not null,
    created_by varchar2(255) default sys_context('USERENV', 'SESSION_USER') not null,
    updated_on date default sysdate not null,
    updated_by varchar2(255) default sys_context('USERENV', 'SESSION_USER') not null,
    constraint pk_invoices primary key (invoice_id),
    constraint uk_invoices_no unique (invoice_no),
    constraint fk_invoice_order foreign key (order_id)
        references crm_orders (order_id),
    constraint fk_invoice_status foreign key (invoice_status_id)
        references crm_invoice_statuses (invoice_status_id),
    constraint ck_invoice_due check (due_date is null or due_date >= invoice_date),
    constraint ck_invoice_tax check (tax_amt is null or tax_amt >= 0),
    constraint ck_invoice_total check (total_amt is null or total_amt >= 0),
    constraint ck_invoice_paid check (paid_amt is null or paid_amt >= 0),
    constraint ck_invoice_outst check (outstanding_amt is null or outstanding_amt >= 0)
);

create table crm_invoice_history (
    invoice_hist_id number generated by default on null as identity not null,
    invoice_id number not null,
    field_name varchar2(64) not null,
    old_value varchar2(4000),
    new_value varchar2(4000),
    changed_by_user_id number not null,
    changed_on date not null,
    constraint pk_invoice_hist primary key (invoice_hist_id),
    constraint fk_invoice_hist_invoice foreign key (invoice_id)
        references crm_invoices (invoice_id),
    constraint fk_invoice_hist_user foreign key (changed_by_user_id)
        references crm_users (user_id)
);

create table crm_payments (
    payment_id number generated by default on null as identity not null,
    invoice_id number not null,
    pay_date date not null,
    pay_amt number(18,2) not null,
    payment_mode_id number not null,
    payment_status_id number not null,
    reference_no varchar2(255),
    row_version number default 1 not null,
    created_on date default sysdate not null,
    created_by varchar2(255) default sys_context('USERENV', 'SESSION_USER') not null,
    updated_on date default sysdate not null,
    updated_by varchar2(255) default sys_context('USERENV', 'SESSION_USER') not null,
    constraint pk_payments primary key (payment_id),
    constraint fk_payment_invoice foreign key (invoice_id)
        references crm_invoices (invoice_id),
    constraint fk_payment_mode foreign key (payment_mode_id)
        references crm_payment_modes (payment_mode_id),
    constraint fk_payment_status foreign key (payment_status_id)
        references crm_payment_statuses (payment_status_id),
    constraint ck_payment_amt check (pay_amt > 0)
);

create table crm_payment_history (
    payment_hist_id number generated by default on null as identity not null,
    payment_id number not null,
    field_name varchar2(64) not null,
    old_value varchar2(4000),
    new_value varchar2(4000),
    changed_by_user_id number not null,
    changed_on date not null,
    constraint pk_payment_hist primary key (payment_hist_id),
    constraint fk_payment_hist_payment foreign key (payment_id)
        references crm_payments (payment_id),
    constraint fk_payment_hist_user foreign key (changed_by_user_id)
        references crm_users (user_id)
);

--------------------------------------------------------------------------------
-- Planning and data quality
--------------------------------------------------------------------------------

create table crm_sales_targets (
    target_id number generated by default on null as identity not null,
    target_scope_code varchar2(32) not null,
    user_id number,
    branch_id number,
    region_id number,
    period_start_date date not null,
    period_end_date date not null,
    target_amt number(18,2),
    target_count number,
    row_version number default 1 not null,
    created_on date default sysdate not null,
    created_by varchar2(255) default sys_context('USERENV', 'SESSION_USER') not null,
    updated_on date default sysdate not null,
    updated_by varchar2(255) default sys_context('USERENV', 'SESSION_USER') not null,
    constraint pk_sales_target primary key (target_id),
    constraint fk_target_user foreign key (user_id)
        references crm_users (user_id),
    constraint fk_target_branch foreign key (branch_id)
        references crm_branches (branch_id),
    constraint fk_target_region foreign key (region_id)
        references crm_regions (region_id),
    constraint ck_target_period check (period_end_date >= period_start_date),
    constraint ck_target_scope check (target_scope_code in ('USER', 'BRANCH', 'REGION')),
    constraint ck_target_scope_key check (
        (target_scope_code = 'USER' and user_id is not null and branch_id is null and region_id is null)
        or (target_scope_code = 'BRANCH' and user_id is null and branch_id is not null and region_id is null)
        or (target_scope_code = 'REGION' and user_id is null and branch_id is null and region_id is not null)
    )
);

create table crm_forecasts (
    forecast_id number generated by default on null as identity not null,
    forecast_category_id number not null,
    forecast_scope_code varchar2(32) not null,
    user_id number,
    branch_id number,
    region_id number,
    period_start_date date not null,
    period_end_date date not null,
    snapshot_date date not null,
    forecast_amt number(18,2) not null,
    row_version number default 1 not null,
    created_on date default sysdate not null,
    created_by varchar2(255) default sys_context('USERENV', 'SESSION_USER') not null,
    updated_on date default sysdate not null,
    updated_by varchar2(255) default sys_context('USERENV', 'SESSION_USER') not null,
    constraint pk_forecasts primary key (forecast_id),
    constraint fk_fcst_category foreign key (forecast_category_id)
        references crm_forecast_categories (forecast_category_id),
    constraint fk_fcst_user foreign key (user_id)
        references crm_users (user_id),
    constraint fk_fcst_branch foreign key (branch_id)
        references crm_branches (branch_id),
    constraint fk_fcst_region foreign key (region_id)
        references crm_regions (region_id),
    constraint ck_fcst_period check (period_end_date >= period_start_date),
    constraint ck_fcst_scope check (forecast_scope_code in ('USER', 'BRANCH', 'REGION')),
    constraint ck_fcst_scope_key check (
        (forecast_scope_code = 'USER' and user_id is not null and branch_id is null and region_id is null)
        or (forecast_scope_code = 'BRANCH' and user_id is null and branch_id is not null and region_id is null)
        or (forecast_scope_code = 'REGION' and user_id is null and branch_id is null and region_id is not null)
    )
);

create table crm_duplicate_match_rules (
    match_rule_id number generated by default on null as identity not null,
    entity_name varchar2(32) not null,
    rule_name varchar2(255) not null,
    match_attributes varchar2(4000) not null,
    threshold_pct number(5,2),
    row_version number default 1 not null,
    created_on date default sysdate not null,
    created_by varchar2(255) default sys_context('USERENV', 'SESSION_USER') not null,
    updated_on date default sysdate not null,
    updated_by varchar2(255) default sys_context('USERENV', 'SESSION_USER') not null,
    constraint pk_match_rule primary key (match_rule_id),
    constraint ck_match_entity check (entity_name in ('ACCOUNT', 'CONTACT', 'CUSTOMER')),
    constraint ck_match_threshold check (
        threshold_pct is null or (threshold_pct >= 0 and threshold_pct <= 100)
    )
);

--------------------------------------------------------------------------------
-- Business comments
--------------------------------------------------------------------------------

comment on table crm_lead_types is 'Stores the controlled lead temperature or rating values used to classify leads during qualification.';
comment on column crm_lead_types.lead_type_id is 'Unique identifier for the lead type record.';
comment on column crm_lead_types.code is 'Short business code used in the application, integrations, and reporting.';
comment on column crm_lead_types.description is 'Business-friendly explanation of what the value means.';
comment on column crm_lead_types.row_version is 'Version number used for optimistic locking and update sequencing.';
comment on column crm_lead_types.created_on is 'Date and time when the record was created.';
comment on column crm_lead_types.created_by is 'User or system that created the record.';
comment on column crm_lead_types.updated_on is 'Date and time when the record was last updated.';
comment on column crm_lead_types.updated_by is 'User or system that last updated the record.';

comment on table crm_lead_states is 'Stores the controlled lifecycle states used to track a lead from capture through conversion or disqualification.';
comment on column crm_lead_states.lead_state_id is 'Unique identifier for the lead state record.';
comment on column crm_lead_states.code is 'Short business code used in the application, integrations, and reporting.';
comment on column crm_lead_states.description is 'Business-friendly explanation of what the value means.';
comment on column crm_lead_states.row_version is 'Version number used for optimistic locking and update sequencing.';
comment on column crm_lead_states.created_on is 'Date and time when the record was created.';
comment on column crm_lead_states.created_by is 'User or system that created the record.';
comment on column crm_lead_states.updated_on is 'Date and time when the record was last updated.';
comment on column crm_lead_states.updated_by is 'User or system that last updated the record.';

comment on table crm_lead_sources is 'Stores the controlled acquisition sources used to report where leads originated.';
comment on column crm_lead_sources.lead_source_id is 'Unique identifier for the lead source record.';
comment on column crm_lead_sources.code is 'Short business code used in the application, integrations, and reporting.';
comment on column crm_lead_sources.description is 'Business-friendly explanation of what the value means.';
comment on column crm_lead_sources.row_version is 'Version number used for optimistic locking and update sequencing.';
comment on column crm_lead_sources.created_on is 'Date and time when the record was created.';
comment on column crm_lead_sources.created_by is 'User or system that created the record.';
comment on column crm_lead_sources.updated_on is 'Date and time when the record was last updated.';
comment on column crm_lead_sources.updated_by is 'User or system that last updated the record.';

comment on table crm_lead_disqualification_reasons is 'Stores the controlled reasons used when a lead is closed without conversion.';
comment on column crm_lead_disqualification_reasons.lead_disqual_reason_id is 'Unique identifier for the lead disqualification reason record.';
comment on column crm_lead_disqualification_reasons.code is 'Short business code used in the application, integrations, and reporting.';
comment on column crm_lead_disqualification_reasons.description is 'Business-friendly explanation of what the value means.';
comment on column crm_lead_disqualification_reasons.row_version is 'Version number used for optimistic locking and update sequencing.';
comment on column crm_lead_disqualification_reasons.created_on is 'Date and time when the record was created.';
comment on column crm_lead_disqualification_reasons.created_by is 'User or system that created the record.';
comment on column crm_lead_disqualification_reasons.updated_on is 'Date and time when the record was last updated.';
comment on column crm_lead_disqualification_reasons.updated_by is 'User or system that last updated the record.';

comment on table crm_opportunity_stages is 'Stores the ordered lifecycle stages used to manage pipeline progression and stage aging.';
comment on column crm_opportunity_stages.opportunity_stage_id is 'Unique identifier for the opportunity stage record.';
comment on column crm_opportunity_stages.code is 'Short business code used in the application, integrations, and reporting.';
comment on column crm_opportunity_stages.description is 'Business-friendly explanation of what the value means.';
comment on column crm_opportunity_stages.seq_no is 'Display and processing order for the value.';
comment on column crm_opportunity_stages.row_version is 'Version number used for optimistic locking and update sequencing.';
comment on column crm_opportunity_stages.created_on is 'Date and time when the record was created.';
comment on column crm_opportunity_stages.created_by is 'User or system that created the record.';
comment on column crm_opportunity_stages.updated_on is 'Date and time when the record was last updated.';
comment on column crm_opportunity_stages.updated_by is 'User or system that last updated the record.';

comment on table crm_opportunity_categories is 'Stores the derived value bands used to group opportunities for reporting and forecasting.';
comment on column crm_opportunity_categories.opportunity_category_id is 'Unique identifier for the opportunity category record.';
comment on column crm_opportunity_categories.code is 'Short business code used in the application, integrations, and reporting.';
comment on column crm_opportunity_categories.description is 'Business-friendly explanation of what the value means.';
comment on column crm_opportunity_categories.row_version is 'Version number used for optimistic locking and update sequencing.';
comment on column crm_opportunity_categories.created_on is 'Date and time when the record was created.';
comment on column crm_opportunity_categories.created_by is 'User or system that created the record.';
comment on column crm_opportunity_categories.updated_on is 'Date and time when the record was last updated.';
comment on column crm_opportunity_categories.updated_by is 'User or system that last updated the record.';

comment on table crm_opportunity_close_reasons is 'Stores the controlled reasons used to explain why an opportunity was won or lost.';
comment on column crm_opportunity_close_reasons.opportunity_close_reason_id is 'Unique identifier for the opportunity close reason record.';
comment on column crm_opportunity_close_reasons.code is 'Short business code used in the application, integrations, and reporting.';
comment on column crm_opportunity_close_reasons.description is 'Business-friendly explanation of what the value means.';
comment on column crm_opportunity_close_reasons.outcome_type is 'Outcome classification showing whether the close reason applies to a won or lost opportunity.';
comment on column crm_opportunity_close_reasons.row_version is 'Version number used for optimistic locking and update sequencing.';
comment on column crm_opportunity_close_reasons.created_on is 'Date and time when the record was created.';
comment on column crm_opportunity_close_reasons.created_by is 'User or system that created the record.';
comment on column crm_opportunity_close_reasons.updated_on is 'Date and time when the record was last updated.';
comment on column crm_opportunity_close_reasons.updated_by is 'User or system that last updated the record.';

comment on table crm_quote_statuses is 'Stores the ordered lifecycle statuses used to manage quotes from draft through acceptance or expiry.';
comment on column crm_quote_statuses.quote_status_id is 'Unique identifier for the quote status record.';
comment on column crm_quote_statuses.code is 'Short business code used in the application, integrations, and reporting.';
comment on column crm_quote_statuses.description is 'Business-friendly explanation of what the value means.';
comment on column crm_quote_statuses.seq_no is 'Display and processing order for the value.';
comment on column crm_quote_statuses.row_version is 'Version number used for optimistic locking and update sequencing.';
comment on column crm_quote_statuses.created_on is 'Date and time when the record was created.';
comment on column crm_quote_statuses.created_by is 'User or system that created the record.';
comment on column crm_quote_statuses.updated_on is 'Date and time when the record was last updated.';
comment on column crm_quote_statuses.updated_by is 'User or system that last updated the record.';

comment on table crm_customer_statuses is 'Stores the controlled relationship statuses used to monitor customer health and engagement.';
comment on column crm_customer_statuses.customer_status_id is 'Unique identifier for the customer status record.';
comment on column crm_customer_statuses.code is 'Short business code used in the application, integrations, and reporting.';
comment on column crm_customer_statuses.description is 'Business-friendly explanation of what the value means.';
comment on column crm_customer_statuses.row_version is 'Version number used for optimistic locking and update sequencing.';
comment on column crm_customer_statuses.created_on is 'Date and time when the record was created.';
comment on column crm_customer_statuses.created_by is 'User or system that created the record.';
comment on column crm_customer_statuses.updated_on is 'Date and time when the record was last updated.';
comment on column crm_customer_statuses.updated_by is 'User or system that last updated the record.';

comment on table crm_customer_priorities is 'Stores the controlled priority levels used to focus sales and service attention across customers.';
comment on column crm_customer_priorities.customer_priority_id is 'Unique identifier for the customer priority record.';
comment on column crm_customer_priorities.code is 'Short business code used in the application, integrations, and reporting.';
comment on column crm_customer_priorities.description is 'Business-friendly explanation of what the value means.';
comment on column crm_customer_priorities.row_version is 'Version number used for optimistic locking and update sequencing.';
comment on column crm_customer_priorities.created_on is 'Date and time when the record was created.';
comment on column crm_customer_priorities.created_by is 'User or system that created the record.';
comment on column crm_customer_priorities.updated_on is 'Date and time when the record was last updated.';
comment on column crm_customer_priorities.updated_by is 'User or system that last updated the record.';

comment on table crm_account_relationship_statuses is 'Stores the controlled relationship-status values used to describe whether an account is prospecting, active, at risk, or inactive.';
comment on column crm_account_relationship_statuses.account_relationship_status_id is 'Unique identifier for the account relationship status record.';
comment on column crm_account_relationship_statuses.code is 'Short business code used in the application, integrations, and reporting.';
comment on column crm_account_relationship_statuses.description is 'Business-friendly explanation of what the value means.';
comment on column crm_account_relationship_statuses.row_version is 'Version number used for optimistic locking and update sequencing.';
comment on column crm_account_relationship_statuses.created_on is 'Date and time when the record was created.';
comment on column crm_account_relationship_statuses.created_by is 'User or system that created the record.';
comment on column crm_account_relationship_statuses.updated_on is 'Date and time when the record was last updated.';
comment on column crm_account_relationship_statuses.updated_by is 'User or system that last updated the record.';

comment on table crm_activity_types is 'Stores the controlled activity types used for calls, meetings, emails, tasks, notes, and feedback.';
comment on column crm_activity_types.activity_type_id is 'Unique identifier for the activity type record.';
comment on column crm_activity_types.code is 'Short business code used in the application, integrations, and reporting.';
comment on column crm_activity_types.description is 'Business-friendly explanation of what the value means.';
comment on column crm_activity_types.seq_no is 'Display and processing order for the value.';
comment on column crm_activity_types.row_version is 'Version number used for optimistic locking and update sequencing.';
comment on column crm_activity_types.created_on is 'Date and time when the record was created.';
comment on column crm_activity_types.created_by is 'User or system that created the record.';
comment on column crm_activity_types.updated_on is 'Date and time when the record was last updated.';
comment on column crm_activity_types.updated_by is 'User or system that last updated the record.';

comment on table crm_activity_statuses is 'Stores the ordered workflow statuses used to manage planned, completed, canceled, and overdue activities.';
comment on column crm_activity_statuses.activity_status_id is 'Unique identifier for the activity status record.';
comment on column crm_activity_statuses.code is 'Short business code used in the application, integrations, and reporting.';
comment on column crm_activity_statuses.description is 'Business-friendly explanation of what the value means.';
comment on column crm_activity_statuses.seq_no is 'Display and processing order for the value.';
comment on column crm_activity_statuses.row_version is 'Version number used for optimistic locking and update sequencing.';
comment on column crm_activity_statuses.created_on is 'Date and time when the record was created.';
comment on column crm_activity_statuses.created_by is 'User or system that created the record.';
comment on column crm_activity_statuses.updated_on is 'Date and time when the record was last updated.';
comment on column crm_activity_statuses.updated_by is 'User or system that last updated the record.';

comment on table crm_activity_outcomes is 'Stores the controlled result codes used to capture the business outcome of an activity.';
comment on column crm_activity_outcomes.activity_outcome_id is 'Unique identifier for the activity outcome record.';
comment on column crm_activity_outcomes.code is 'Short business code used in the application, integrations, and reporting.';
comment on column crm_activity_outcomes.description is 'Business-friendly explanation of what the value means.';
comment on column crm_activity_outcomes.row_version is 'Version number used for optimistic locking and update sequencing.';
comment on column crm_activity_outcomes.created_on is 'Date and time when the record was created.';
comment on column crm_activity_outcomes.created_by is 'User or system that created the record.';
comment on column crm_activity_outcomes.updated_on is 'Date and time when the record was last updated.';
comment on column crm_activity_outcomes.updated_by is 'User or system that last updated the record.';

comment on table crm_contact_roles is 'Stores the controlled stakeholder roles used when a contact participates in an opportunity or customer relationship.';
comment on column crm_contact_roles.contact_role_id is 'Unique identifier for the contact role record.';
comment on column crm_contact_roles.code is 'Short business code used in the application, integrations, and reporting.';
comment on column crm_contact_roles.description is 'Business-friendly explanation of what the value means.';
comment on column crm_contact_roles.row_version is 'Version number used for optimistic locking and update sequencing.';
comment on column crm_contact_roles.created_on is 'Date and time when the record was created.';
comment on column crm_contact_roles.created_by is 'User or system that created the record.';
comment on column crm_contact_roles.updated_on is 'Date and time when the record was last updated.';
comment on column crm_contact_roles.updated_by is 'User or system that last updated the record.';

comment on table crm_contact_channels is 'Stores the controlled communication channels used to capture contact preferences such as email, phone, SMS, or messaging.';
comment on column crm_contact_channels.contact_channel_id is 'Unique identifier for the contact channel record.';
comment on column crm_contact_channels.code is 'Short business code used in the application, integrations, and reporting.';
comment on column crm_contact_channels.description is 'Business-friendly explanation of what the value means.';
comment on column crm_contact_channels.row_version is 'Version number used for optimistic locking and update sequencing.';
comment on column crm_contact_channels.created_on is 'Date and time when the record was created.';
comment on column crm_contact_channels.created_by is 'User or system that created the record.';
comment on column crm_contact_channels.updated_on is 'Date and time when the record was last updated.';
comment on column crm_contact_channels.updated_by is 'User or system that last updated the record.';

comment on table crm_approval_statuses is 'Stores the ordered workflow statuses used for approval requests and actions.';
comment on column crm_approval_statuses.approval_status_id is 'Unique identifier for the approval status record.';
comment on column crm_approval_statuses.code is 'Short business code used in the application, integrations, and reporting.';
comment on column crm_approval_statuses.description is 'Business-friendly explanation of what the value means.';
comment on column crm_approval_statuses.seq_no is 'Display and processing order for the value.';
comment on column crm_approval_statuses.row_version is 'Version number used for optimistic locking and update sequencing.';
comment on column crm_approval_statuses.created_on is 'Date and time when the record was created.';
comment on column crm_approval_statuses.created_by is 'User or system that created the record.';
comment on column crm_approval_statuses.updated_on is 'Date and time when the record was last updated.';
comment on column crm_approval_statuses.updated_by is 'User or system that last updated the record.';

comment on table crm_payment_modes is 'Stores the controlled payment methods accepted for invoice settlement.';
comment on column crm_payment_modes.payment_mode_id is 'Unique identifier for the payment mode record.';
comment on column crm_payment_modes.code is 'Short business code used in the application, integrations, and reporting.';
comment on column crm_payment_modes.description is 'Business-friendly explanation of what the value means.';
comment on column crm_payment_modes.row_version is 'Version number used for optimistic locking and update sequencing.';
comment on column crm_payment_modes.created_on is 'Date and time when the record was created.';
comment on column crm_payment_modes.created_by is 'User or system that created the record.';
comment on column crm_payment_modes.updated_on is 'Date and time when the record was last updated.';
comment on column crm_payment_modes.updated_by is 'User or system that last updated the record.';

comment on table crm_payment_statuses is 'Stores the controlled settlement statuses used to track payment progress and exceptions.';
comment on column crm_payment_statuses.payment_status_id is 'Unique identifier for the payment status record.';
comment on column crm_payment_statuses.code is 'Short business code used in the application, integrations, and reporting.';
comment on column crm_payment_statuses.description is 'Business-friendly explanation of what the value means.';
comment on column crm_payment_statuses.row_version is 'Version number used for optimistic locking and update sequencing.';
comment on column crm_payment_statuses.created_on is 'Date and time when the record was created.';
comment on column crm_payment_statuses.created_by is 'User or system that created the record.';
comment on column crm_payment_statuses.updated_on is 'Date and time when the record was last updated.';
comment on column crm_payment_statuses.updated_by is 'User or system that last updated the record.';

comment on table crm_order_statuses is 'Stores the ordered workflow statuses used to track order processing and fulfillment.';
comment on column crm_order_statuses.order_status_id is 'Unique identifier for the order status record.';
comment on column crm_order_statuses.code is 'Short business code used in the application, integrations, and reporting.';
comment on column crm_order_statuses.description is 'Business-friendly explanation of what the value means.';
comment on column crm_order_statuses.seq_no is 'Display and processing order for the value.';
comment on column crm_order_statuses.row_version is 'Version number used for optimistic locking and update sequencing.';
comment on column crm_order_statuses.created_on is 'Date and time when the record was created.';
comment on column crm_order_statuses.created_by is 'User or system that created the record.';
comment on column crm_order_statuses.updated_on is 'Date and time when the record was last updated.';
comment on column crm_order_statuses.updated_by is 'User or system that last updated the record.';

comment on table crm_invoice_statuses is 'Stores the ordered collection statuses used to track invoice issuance, payment, and overdue conditions.';
comment on column crm_invoice_statuses.invoice_status_id is 'Unique identifier for the invoice status record.';
comment on column crm_invoice_statuses.code is 'Short business code used in the application, integrations, and reporting.';
comment on column crm_invoice_statuses.description is 'Business-friendly explanation of what the value means.';
comment on column crm_invoice_statuses.seq_no is 'Display and processing order for the value.';
comment on column crm_invoice_statuses.row_version is 'Version number used for optimistic locking and update sequencing.';
comment on column crm_invoice_statuses.created_on is 'Date and time when the record was created.';
comment on column crm_invoice_statuses.created_by is 'User or system that created the record.';
comment on column crm_invoice_statuses.updated_on is 'Date and time when the record was last updated.';
comment on column crm_invoice_statuses.updated_by is 'User or system that last updated the record.';

comment on table crm_forecast_categories is 'Stores the ordered forecast buckets used to classify pipeline, best case, commit, and closed outlooks.';
comment on column crm_forecast_categories.forecast_category_id is 'Unique identifier for the forecast category record.';
comment on column crm_forecast_categories.code is 'Short business code used in the application, integrations, and reporting.';
comment on column crm_forecast_categories.description is 'Business-friendly explanation of what the value means.';
comment on column crm_forecast_categories.seq_no is 'Display and processing order for the value.';
comment on column crm_forecast_categories.row_version is 'Version number used for optimistic locking and update sequencing.';
comment on column crm_forecast_categories.created_on is 'Date and time when the record was created.';
comment on column crm_forecast_categories.created_by is 'User or system that created the record.';
comment on column crm_forecast_categories.updated_on is 'Date and time when the record was last updated.';
comment on column crm_forecast_categories.updated_by is 'User or system that last updated the record.';

comment on table crm_order_sources is 'Stores the controlled origin types used to show how an order entered the business process.';
comment on column crm_order_sources.order_source_id is 'Unique identifier for the order source record.';
comment on column crm_order_sources.code is 'Short business code used in the application, integrations, and reporting.';
comment on column crm_order_sources.description is 'Business-friendly explanation of what the value means.';
comment on column crm_order_sources.row_version is 'Version number used for optimistic locking and update sequencing.';
comment on column crm_order_sources.created_on is 'Date and time when the record was created.';
comment on column crm_order_sources.created_by is 'User or system that created the record.';
comment on column crm_order_sources.updated_on is 'Date and time when the record was last updated.';
comment on column crm_order_sources.updated_by is 'User or system that last updated the record.';

comment on table crm_regions is 'Reference table for geographic or operating regions.';
comment on column crm_regions.region_id is 'Unique identifier for the region record.';
comment on column crm_regions.code is 'Short code used to identify the region.';
comment on column crm_regions.name is 'Business-friendly name of the region.';
comment on column crm_regions.row_version is 'Version number used for optimistic locking and update sequencing.';
comment on column crm_regions.created_on is 'Date and time when the record was created.';
comment on column crm_regions.created_by is 'User or system that created the record.';
comment on column crm_regions.updated_on is 'Date and time when the record was last updated.';
comment on column crm_regions.updated_by is 'User or system that last updated the record.';

comment on table crm_branches is 'Reference table for branch offices. Each branch belongs to one region.';
comment on column crm_branches.branch_id is 'Unique identifier for the branch record.';
comment on column crm_branches.code is 'Short code used to identify the branch.';
comment on column crm_branches.name is 'Business-friendly name of the branch.';
comment on column crm_branches.city is 'City associated with the record.';
comment on column crm_branches.state is 'State or province associated with the record.';
comment on column crm_branches.region_id is 'Region associated with the record.';
comment on column crm_branches.row_version is 'Version number used for optimistic locking and update sequencing.';
comment on column crm_branches.created_on is 'Date and time when the record was created.';
comment on column crm_branches.created_by is 'User or system that created the record.';
comment on column crm_branches.updated_on is 'Date and time when the record was last updated.';
comment on column crm_branches.updated_by is 'User or system that last updated the record.';

comment on table crm_roles is 'Reference table for application roles.';
comment on column crm_roles.role_id is 'Unique identifier for the role record.';
comment on column crm_roles.code is 'Short code used to identify the application role.';
comment on column crm_roles.name is 'Business-friendly name of the application role.';
comment on column crm_roles.row_version is 'Version number used for optimistic locking and update sequencing.';
comment on column crm_roles.created_on is 'Date and time when the record was created.';
comment on column crm_roles.created_by is 'User or system that created the record.';
comment on column crm_roles.updated_on is 'Date and time when the record was last updated.';
comment on column crm_roles.updated_by is 'User or system that last updated the record.';

comment on table crm_users is 'Application users with role, branch, region, and reporting hierarchy support.';
comment on column crm_users.user_id is 'Unique identifier for the user record.';
comment on column crm_users.username is 'Username used for login and record ownership in the application.';
comment on column crm_users.email is 'Primary email address for the record.';
comment on column crm_users.phone is 'Primary phone number for the record.';
comment on column crm_users.role_id is 'Application role assigned to the user.';
comment on column crm_users.region_id is 'Region associated with the record.';
comment on column crm_users.branch_id is 'Branch associated with the record.';
comment on column crm_users.supervisor_user_id is 'Parent user in reporting hierarchy.';
comment on column crm_users.row_version is 'Version number used for optimistic locking and update sequencing.';
comment on column crm_users.created_on is 'Date and time when the record was created.';
comment on column crm_users.created_by is 'User or system that created the record.';
comment on column crm_users.updated_on is 'Date and time when the record was last updated.';
comment on column crm_users.updated_by is 'User or system that last updated the record.';

comment on table crm_industries is 'Reference table for customer and account industries.';
comment on column crm_industries.industry_id is 'Unique identifier for the industry record.';
comment on column crm_industries.code is 'Short code used to identify the industry.';
comment on column crm_industries.name is 'Business-friendly name of the industry.';
comment on column crm_industries.row_version is 'Version number used for optimistic locking and update sequencing.';
comment on column crm_industries.created_on is 'Date and time when the record was created.';
comment on column crm_industries.created_by is 'User or system that created the record.';
comment on column crm_industries.updated_on is 'Date and time when the record was last updated.';
comment on column crm_industries.updated_by is 'User or system that last updated the record.';

comment on table crm_product_types is 'Reference table for product or service categories.';
comment on column crm_product_types.product_type_id is 'Unique identifier for the product type record.';
comment on column crm_product_types.code is 'Short code used to identify the product type.';
comment on column crm_product_types.name is 'Business-friendly name of the product type.';
comment on column crm_product_types.row_version is 'Version number used for optimistic locking and update sequencing.';
comment on column crm_product_types.created_on is 'Date and time when the record was created.';
comment on column crm_product_types.created_by is 'User or system that created the record.';
comment on column crm_product_types.updated_on is 'Date and time when the record was last updated.';
comment on column crm_product_types.updated_by is 'User or system that last updated the record.';

comment on table crm_products is 'Reference table for products or services available for quoting and booking.';
comment on column crm_products.product_id is 'Unique identifier for the product record.';
comment on column crm_products.code is 'Short code used to identify the product or service.';
comment on column crm_products.name is 'Business name of the product or service.';
comment on column crm_products.product_type_id is 'Product type associated with the record.';
comment on column crm_products.description is 'Business description of the product or service.';
comment on column crm_products.row_version is 'Version number used for optimistic locking and update sequencing.';
comment on column crm_products.created_on is 'Date and time when the record was created.';
comment on column crm_products.created_by is 'User or system that created the record.';
comment on column crm_products.updated_on is 'Date and time when the record was last updated.';
comment on column crm_products.updated_by is 'User or system that last updated the record.';

comment on table crm_accounts is 'Organization master for prospect and customer companies, including ownership, geography, industry, and current relationship status.';
comment on column crm_accounts.account_id is 'Unique identifier for the account record.';
comment on column crm_accounts.name is 'Name of the account or organization.';
comment on column crm_accounts.industry_id is 'Industry associated with the account.';
comment on column crm_accounts.account_relationship_status_id is 'Current business relationship status for the organization.';
comment on column crm_accounts.website is 'Primary website for the record.';
comment on column crm_accounts.city is 'City associated with the record.';
comment on column crm_accounts.state is 'State or province associated with the record.';
comment on column crm_accounts.branch_id is 'Branch associated with the record.';
comment on column crm_accounts.user_owner_id is 'User who owns the record.';
comment on column crm_accounts.row_version is 'Version number used for optimistic locking and update sequencing.';
comment on column crm_accounts.created_on is 'Date and time when the record was created.';
comment on column crm_accounts.created_by is 'User or system that created the record.';
comment on column crm_accounts.updated_on is 'Date and time when the record was last updated.';
comment on column crm_accounts.updated_by is 'User or system that last updated the record.';

comment on table crm_contacts is 'Contact master for people associated with accounts, including preferred communication preferences.';
comment on column crm_contacts.contact_id is 'Unique identifier for the contact record.';
comment on column crm_contacts.account_id is 'Account that this contact belongs to.';
comment on column crm_contacts.name is 'Full name of the contact person.';
comment on column crm_contacts.email is 'Primary email address for the record.';
comment on column crm_contacts.phone is 'Primary phone number for the record.';
comment on column crm_contacts.designation is 'Job title or designation of the contact.';
comment on column crm_contacts.preferred_channel_id is 'Preferred communication channel for contacting the stakeholder.';
comment on column crm_contacts.preferred_contact_window is 'Preferred time window or cadence for reaching the stakeholder.';
comment on column crm_contacts.preferred_contact_notes is 'Additional free-form notes describing communication preferences or restrictions.';
comment on column crm_contacts.row_version is 'Version number used for optimistic locking and update sequencing.';
comment on column crm_contacts.created_on is 'Date and time when the record was created.';
comment on column crm_contacts.created_by is 'User or system that created the record.';
comment on column crm_contacts.updated_on is 'Date and time when the record was last updated.';
comment on column crm_contacts.updated_by is 'User or system that last updated the record.';

comment on table crm_account_contact_roles is 'Association table linking an account to one or more contacts and the roles they play in the buying or service relationship.';
comment on column crm_account_contact_roles.account_contact_role_id is 'Unique identifier for the account contact role record.';
comment on column crm_account_contact_roles.account_id is 'Account that this contact relationship belongs to.';
comment on column crm_account_contact_roles.contact_id is 'Contact associated with the relationship.';
comment on column crm_account_contact_roles.contact_role_id is 'Role the contact plays for the related account.';
comment on column crm_account_contact_roles.role_notes is 'Additional notes explaining the stakeholder role or influence for the account.';
comment on column crm_account_contact_roles.row_version is 'Version number used for optimistic locking and update sequencing.';
comment on column crm_account_contact_roles.created_on is 'Date and time when the record was created.';
comment on column crm_account_contact_roles.created_by is 'User or system that created the record.';
comment on column crm_account_contact_roles.updated_on is 'Date and time when the record was last updated.';
comment on column crm_account_contact_roles.updated_by is 'User or system that last updated the record.';

comment on table crm_customers is 'Customer master created from won business or existing active relationships.';
comment on column crm_customers.customer_id is 'Unique identifier for the customer record.';
comment on column crm_customers.customer_code is 'Business customer code shown to users in the format CUST-<number>.';
comment on column crm_customers.account_id is 'Account from which the customer relationship was created or aligned.';
comment on column crm_customers.primary_contact_id is 'Primary contact associated with the record.';
comment on column crm_customers.name is 'Business name of the customer account.';
comment on column crm_customers.industry_id is 'Industry associated with the customer.';
comment on column crm_customers.website is 'Primary website for the record.';
comment on column crm_customers.branch_id is 'Branch associated with the record.';
comment on column crm_customers.user_owner_id is 'User who owns the record.';
comment on column crm_customers.customer_status_id is 'Current relationship status of the customer.';
comment on column crm_customers.customer_priority_id is 'Priority level assigned to the customer.';
comment on column crm_customers.billing_address is 'Billing address used for customer documents and invoicing.';
comment on column crm_customers.shipping_address is 'Shipping address used for order fulfillment.';
comment on column crm_customers.row_version is 'Version number used for optimistic locking and update sequencing.';
comment on column crm_customers.created_on is 'Date and time when the record was created.';
comment on column crm_customers.created_by is 'User or system that created the record.';
comment on column crm_customers.updated_on is 'Date and time when the record was last updated.';
comment on column crm_customers.updated_by is 'User or system that last updated the record.';

comment on table crm_leads is 'Lead master for captured sales prospects, including lead subject, qualification status, and conversion tracking.';
comment on column crm_leads.lead_id is 'Unique identifier for the lead record.';
comment on column crm_leads.lead_code is 'Business lead code shown to users in the format LEAD-<number>.';
comment on column crm_leads.account_id is 'Account associated with the record.';
comment on column crm_leads.contact_id is 'Contact associated with the record.';
comment on column crm_leads.lead_subject is 'Lead name or short subject summarizing the prospect need or initiative.';
comment on column crm_leads.lead_type_id is 'Lead type or temperature used to classify the lead.';
comment on column crm_leads.lead_state_id is 'Current lifecycle state of the lead.';
comment on column crm_leads.lead_source_id is 'Source from which the lead originated.';
comment on column crm_leads.lead_disqual_reason_id is 'Reason the lead was disqualified when it did not convert.';
comment on column crm_leads.branch_id is 'Branch associated with the record.';
comment on column crm_leads.user_owner_id is 'User who owns the record.';
comment on column crm_leads.budget_amt is 'Budget amount available for the lead or buying initiative.';
comment on column crm_leads.expected_value_amt is 'Estimated commercial value that the lead could generate.';
comment on column crm_leads.city is 'City associated with the record.';
comment on column crm_leads.state is 'State or province associated with the record.';
comment on column crm_leads.details is 'Business notes captured for the record.';
comment on column crm_leads.qualification_summary is 'Summary of the qualification outcome and next steps.';
comment on column crm_leads.next_action_date is 'Next planned follow-up date.';
comment on column crm_leads.status_date is 'Date when the lead most recently changed state.';
comment on column crm_leads.converted_opportunity_id is 'Opportunity created from the lead when conversion is completed.';
comment on column crm_leads.converted_customer_id is 'Customer created from the lead when conversion is completed.';
comment on column crm_leads.row_version is 'Version number used for optimistic locking and update sequencing.';
comment on column crm_leads.created_on is 'Date and time when the record was created.';
comment on column crm_leads.created_by is 'User or system that created the record.';
comment on column crm_leads.updated_on is 'Date and time when the record was last updated.';
comment on column crm_leads.updated_by is 'User or system that last updated the record.';

comment on table crm_lead_history is 'Field-level audit history for lead changes.';
comment on column crm_lead_history.lead_hist_id is 'Unique identifier for the lead history record.';
comment on column crm_lead_history.lead_id is 'Lead that this history record belongs to.';
comment on column crm_lead_history.field_name is 'Name of the field that changed.';
comment on column crm_lead_history.old_value is 'Value before the change was made.';
comment on column crm_lead_history.new_value is 'Value after the change was made.';
comment on column crm_lead_history.changed_by_user_id is 'User who made the change.';
comment on column crm_lead_history.changed_on is 'Date and time when the change was recorded.';

comment on table crm_opportunities is 'Opportunity master linked to leads, accounts, contacts, owners, derived value bands, and review milestones.';
comment on column crm_opportunities.opportunity_id is 'Unique identifier for the opportunity record.';
comment on column crm_opportunities.opportunity_code is 'Business opportunity code shown to users in the format OPPO-<number>.';
comment on column crm_opportunities.lead_id is 'Lead from which the opportunity was created.';
comment on column crm_opportunities.account_id is 'Account associated with the record.';
comment on column crm_opportunities.primary_contact_id is 'Primary contact associated with the record.';
comment on column crm_opportunities.opportunity_stage_id is 'Current lifecycle stage of the opportunity.';
comment on column crm_opportunities.opportunity_category_id is 'Derived value band used for opportunity reporting.';
comment on column crm_opportunities.user_owner_id is 'User who owns the record.';
comment on column crm_opportunities.close_reason_id is 'Reason the opportunity was won or lost.';
comment on column crm_opportunities.opportunity_name is 'Business-facing name of the opportunity.';
comment on column crm_opportunities.value_amt is 'Estimated commercial value of the opportunity.';
comment on column crm_opportunities.probability_pct is 'Estimated probability that the opportunity will close successfully.';
comment on column crm_opportunities.expected_close_date is 'Expected date when the opportunity will close.';
comment on column crm_opportunities.current_stage_date is 'Date when the opportunity most recently entered its current stage.';
comment on column crm_opportunities.next_action_date is 'Next planned follow-up date.';
comment on column crm_opportunities.next_review_date is 'Next scheduled review checkpoint for the opportunity.';
comment on column crm_opportunities.details is 'Business notes captured for the record.';
comment on column crm_opportunities.closed_date is 'Date when the opportunity was closed as won or lost.';
comment on column crm_opportunities.row_version is 'Version number used for optimistic locking and update sequencing.';
comment on column crm_opportunities.created_on is 'Date and time when the record was created.';
comment on column crm_opportunities.created_by is 'User or system that created the record.';
comment on column crm_opportunities.updated_on is 'Date and time when the record was last updated.';
comment on column crm_opportunities.updated_by is 'User or system that last updated the record.';

comment on table crm_opportunity_stage_history is 'Tracks stage transitions for opportunities.';
comment on column crm_opportunity_stage_history.opp_stage_hist_id is 'Unique identifier for the opportunity stage history record.';
comment on column crm_opportunity_stage_history.opportunity_id is 'Opportunity that this stage history record belongs to.';
comment on column crm_opportunity_stage_history.old_stage_id is 'Previous stage of the opportunity before the change.';
comment on column crm_opportunity_stage_history.new_stage_id is 'New stage of the opportunity after the change.';
comment on column crm_opportunity_stage_history.changed_by_user_id is 'User who made the change.';
comment on column crm_opportunity_stage_history.changed_on is 'Date and time when the change was recorded.';

comment on table crm_opportunity_history is 'Field-level audit history for important opportunity changes beyond stage transitions.';
comment on column crm_opportunity_history.opportunity_hist_id is 'Unique identifier for the opportunity history record.';
comment on column crm_opportunity_history.opportunity_id is 'Opportunity that this history record belongs to.';
comment on column crm_opportunity_history.field_name is 'Name of the field that changed.';
comment on column crm_opportunity_history.old_value is 'Value before the change was made.';
comment on column crm_opportunity_history.new_value is 'Value after the change was made.';
comment on column crm_opportunity_history.changed_by_user_id is 'User who made the change.';
comment on column crm_opportunity_history.changed_on is 'Date and time when the change was recorded.';

comment on table crm_opportunity_contacts is 'Association table linking an opportunity to one or more contacts and their roles.';
comment on column crm_opportunity_contacts.opportunity_contact_id is 'Unique identifier for the opportunity contact record.';
comment on column crm_opportunity_contacts.opportunity_id is 'Opportunity that this contact relationship belongs to.';
comment on column crm_opportunity_contacts.contact_id is 'Contact associated with the record.';
comment on column crm_opportunity_contacts.contact_role_id is 'Role the contact plays in the related relationship.';
comment on column crm_opportunity_contacts.is_primary is 'Flag showing whether the related record is the primary one for the parent record.';
comment on column crm_opportunity_contacts.row_version is 'Version number used for optimistic locking and update sequencing.';
comment on column crm_opportunity_contacts.created_on is 'Date and time when the record was created.';
comment on column crm_opportunity_contacts.created_by is 'User or system that created the record.';
comment on column crm_opportunity_contacts.updated_on is 'Date and time when the record was last updated.';
comment on column crm_opportunity_contacts.updated_by is 'User or system that last updated the record.';

comment on table crm_opportunity_products is 'Association table listing the products or services of interest for an opportunity, including priority and estimated demand.';
comment on column crm_opportunity_products.opportunity_product_id is 'Unique identifier for the opportunity product record.';
comment on column crm_opportunity_products.opportunity_id is 'Opportunity that this product-interest row belongs to.';
comment on column crm_opportunity_products.product_id is 'Product or service that is being evaluated or proposed.';
comment on column crm_opportunity_products.interest_rank_no is 'Relative priority ranking of the product interest within the opportunity.';
comment on column crm_opportunity_products.estimated_quantity is 'Estimated quantity expected if the opportunity converts.';
comment on column crm_opportunity_products.estimated_value_amt is 'Estimated monetary value attributable to the product interest.';
comment on column crm_opportunity_products.interest_notes is 'Notes describing fit, dependencies, or commercial assumptions for the product interest.';
comment on column crm_opportunity_products.row_version is 'Version number used for optimistic locking and update sequencing.';
comment on column crm_opportunity_products.created_on is 'Date and time when the record was created.';
comment on column crm_opportunity_products.created_by is 'User or system that created the record.';
comment on column crm_opportunity_products.updated_on is 'Date and time when the record was last updated.';
comment on column crm_opportunity_products.updated_by is 'User or system that last updated the record.';

comment on table crm_customer_contacts is 'Association table linking a customer to one or more contacts and their relationship roles.';
comment on column crm_customer_contacts.customer_contact_id is 'Unique identifier for the customer contact record.';
comment on column crm_customer_contacts.customer_id is 'Customer that this contact relationship belongs to.';
comment on column crm_customer_contacts.contact_id is 'Contact associated with the record.';
comment on column crm_customer_contacts.contact_role_id is 'Role the contact plays in the related relationship.';
comment on column crm_customer_contacts.is_primary is 'Flag showing whether the related record is the primary one for the parent record.';
comment on column crm_customer_contacts.row_version is 'Version number used for optimistic locking and update sequencing.';
comment on column crm_customer_contacts.created_on is 'Date and time when the record was created.';
comment on column crm_customer_contacts.created_by is 'User or system that created the record.';
comment on column crm_customer_contacts.updated_on is 'Date and time when the record was last updated.';
comment on column crm_customer_contacts.updated_by is 'User or system that last updated the record.';

comment on table crm_customer_history is 'Field-level audit history for customer changes.';
comment on column crm_customer_history.customer_hist_id is 'Unique identifier for the customer history record.';
comment on column crm_customer_history.customer_id is 'Customer that this history record belongs to.';
comment on column crm_customer_history.field_name is 'Name of the field that changed.';
comment on column crm_customer_history.old_value is 'Value before the change was made.';
comment on column crm_customer_history.new_value is 'Value after the change was made.';
comment on column crm_customer_history.changed_by_user_id is 'User who made the change.';
comment on column crm_customer_history.changed_on is 'Date and time when the change was recorded.';

comment on table crm_quotes is 'Commercial quote header linked to an opportunity and used as the preferred source for order creation.';
comment on column crm_quotes.quote_id is 'Unique identifier for the quote record.';
comment on column crm_quotes.opportunity_id is 'Opportunity from which the quote was created.';
comment on column crm_quotes.account_id is 'Account associated with the record.';
comment on column crm_quotes.customer_id is 'Customer associated with the quote when the opportunity has already converted.';
comment on column crm_quotes.contact_id is 'Contact associated with the record.';
comment on column crm_quotes.user_owner_id is 'User who owns the record.';
comment on column crm_quotes.quote_status_id is 'Current lifecycle status of the quote.';
comment on column crm_quotes.approval_status_id is 'Current approval status of the record.';
comment on column crm_quotes.quote_no is 'Business quote number shown to users and customers.';
comment on column crm_quotes.version_no is 'Version number of the quote within its revision chain.';
comment on column crm_quotes.parent_quote_id is 'Previous quote version that this revision was created from.';
comment on column crm_quotes.quote_date is 'Date when the quote was issued.';
comment on column crm_quotes.expiry_date is 'Date after which the quote is no longer valid.';
comment on column crm_quotes.accepted_date is 'Date when the customer accepted the quote.';
comment on column crm_quotes.rejected_date is 'Date when the customer rejected the quote.';
comment on column crm_quotes.discount_amt is 'Discount amount applied to the record or line item.';
comment on column crm_quotes.tax_amt is 'Tax amount applied to the record or line item.';
comment on column crm_quotes.total_amt is 'Total monetary amount for the record.';
comment on column crm_quotes.terms_text is 'Commercial terms and conditions presented with the quote.';
comment on column crm_quotes.special_notes is 'Additional sales or commercial notes for the quote.';
comment on column crm_quotes.row_version is 'Version number used for optimistic locking and update sequencing.';
comment on column crm_quotes.created_on is 'Date and time when the record was created.';
comment on column crm_quotes.created_by is 'User or system that created the record.';
comment on column crm_quotes.updated_on is 'Date and time when the record was last updated.';
comment on column crm_quotes.updated_by is 'User or system that last updated the record.';

comment on table crm_quote_lines is 'Line items for a quote.';
comment on column crm_quote_lines.quote_line_id is 'Unique identifier for the quote line record.';
comment on column crm_quote_lines.quote_id is 'Quote that this line item belongs to.';
comment on column crm_quote_lines.line_no is 'Display order of the line within the parent document.';
comment on column crm_quote_lines.product_id is 'Product associated with the record.';
comment on column crm_quote_lines.description is 'Free-form description shown to users and customers for the quote line.';
comment on column crm_quote_lines.quantity is 'Quantity for the line item.';
comment on column crm_quote_lines.unit_price is 'Unit price before discount and tax.';
comment on column crm_quote_lines.discount_amt is 'Discount amount applied to the record or line item.';
comment on column crm_quote_lines.tax_amt is 'Tax amount applied to the record or line item.';
comment on column crm_quote_lines.line_amt is 'Net amount for the line after quantity, price, discount, and tax are applied.';
comment on column crm_quote_lines.row_version is 'Version number used for optimistic locking and update sequencing.';
comment on column crm_quote_lines.created_on is 'Date and time when the record was created.';
comment on column crm_quote_lines.created_by is 'User or system that created the record.';
comment on column crm_quote_lines.updated_on is 'Date and time when the record was last updated.';
comment on column crm_quote_lines.updated_by is 'User or system that last updated the record.';

comment on table crm_quote_history is 'Tracks significant quote changes and revision events.';
comment on column crm_quote_history.quote_hist_id is 'Unique identifier for the quote history record.';
comment on column crm_quote_history.quote_id is 'Quote that this history record belongs to.';
comment on column crm_quote_history.field_name is 'Name of the field that changed.';
comment on column crm_quote_history.old_value is 'Value before the change was made.';
comment on column crm_quote_history.new_value is 'Value after the change was made.';
comment on column crm_quote_history.changed_by_user_id is 'User who made the change.';
comment on column crm_quote_history.changed_on is 'Date and time when the change was recorded.';

comment on table crm_activities is 'General activity and task table replacing the earlier customer-only activity log. Supports calls, meetings, emails, notes, tasks, and feedback.';
comment on column crm_activities.activity_id is 'Unique identifier for the activity record.';
comment on column crm_activities.activity_type_id is 'Type of activity or task being tracked.';
comment on column crm_activities.activity_status_id is 'Current workflow status of the activity.';
comment on column crm_activities.activity_outcome_id is 'Recorded business outcome of the activity.';
comment on column crm_activities.owner_user_id is 'User responsible for the activity record.';
comment on column crm_activities.assigned_user_id is 'User assigned to complete or follow up on the activity.';
comment on column crm_activities.subject is 'Short subject line that summarizes the activity.';
comment on column crm_activities.detail is 'Detailed notes or narrative captured for the activity.';
comment on column crm_activities.scheduled_start_on is 'Planned start date and time for the activity.';
comment on column crm_activities.scheduled_end_on is 'Planned end date and time for the activity.';
comment on column crm_activities.due_on is 'Date by which the activity should be completed.';
comment on column crm_activities.completed_on is 'Date and time when the activity was completed.';
comment on column crm_activities.reminder_on is 'Date and time when a reminder should be sent or shown.';
comment on column crm_activities.row_version is 'Version number used for optimistic locking and update sequencing.';
comment on column crm_activities.created_on is 'Date and time when the record was created.';
comment on column crm_activities.created_by is 'User or system that created the record.';
comment on column crm_activities.updated_on is 'Date and time when the record was last updated.';
comment on column crm_activities.updated_by is 'User or system that last updated the record.';

comment on table crm_activity_relations is 'Polymorphic association table linking an activity to one or more business records such as lead, opportunity, account, contact, customer, quote, order, invoice, or payment.';
comment on column crm_activity_relations.activity_relation_id is 'Unique identifier for the activity relation record.';
comment on column crm_activity_relations.activity_id is 'Activity that this relationship row belongs to.';
comment on column crm_activity_relations.related_entity_type is 'Business record type linked to the activity, such as lead, opportunity, account, customer, quote, order, invoice, or payment.';
comment on column crm_activity_relations.related_entity_id is 'Identifier of the related business record linked to the activity.';
comment on column crm_activity_relations.is_primary is 'Flag showing whether the related record is the primary one for the parent record.';
comment on column crm_activity_relations.row_version is 'Version number used for optimistic locking and update sequencing.';
comment on column crm_activity_relations.created_on is 'Date and time when the record was created.';
comment on column crm_activity_relations.created_by is 'User or system that created the record.';
comment on column crm_activity_relations.updated_on is 'Date and time when the record was last updated.';
comment on column crm_activity_relations.updated_by is 'User or system that last updated the record.';

comment on table crm_approval_rules is 'Configuration table for approval routing by transaction type, amount, organization scope, and expected response timing.';
comment on column crm_approval_rules.approval_rule_id is 'Unique identifier for the approval rule record.';
comment on column crm_approval_rules.rule_name is 'Business-friendly name of the rule.';
comment on column crm_approval_rules.entity_type is 'Transaction type that the approval rule applies to, such as order or quote.';
comment on column crm_approval_rules.branch_id is 'Branch associated with the record.';
comment on column crm_approval_rules.region_id is 'Region associated with the record.';
comment on column crm_approval_rules.min_amount is 'Minimum transaction amount that activates the approval rule.';
comment on column crm_approval_rules.max_amount is 'Maximum transaction amount covered by the approval rule.';
comment on column crm_approval_rules.approver_role_id is 'Role responsible for approving transactions that match the rule.';
comment on column crm_approval_rules.escalate_role_id is 'Role used when the approval request needs escalation.';
comment on column crm_approval_rules.response_due_hours is 'Number of hours within which the approval action is expected to be completed.';
comment on column crm_approval_rules.seq_no is 'Execution order used when multiple approval rules could apply.';
comment on column crm_approval_rules.row_version is 'Version number used for optimistic locking and update sequencing.';
comment on column crm_approval_rules.created_on is 'Date and time when the record was created.';
comment on column crm_approval_rules.created_by is 'User or system that created the record.';
comment on column crm_approval_rules.updated_on is 'Date and time when the record was last updated.';
comment on column crm_approval_rules.updated_by is 'User or system that last updated the record.';

comment on table crm_access_rules is 'Metadata table defining role-based access scope and permitted actions for CRM entities.';
comment on column crm_access_rules.access_rule_id is 'Unique identifier for the access rule record.';
comment on column crm_access_rules.rule_name is 'Business-friendly name of the access rule.';
comment on column crm_access_rules.entity_name is 'Business entity type that the access rule governs.';
comment on column crm_access_rules.role_id is 'Role to which the access rule applies.';
comment on column crm_access_rules.access_scope_code is 'Scope of data visibility granted by the rule, such as owned, assigned, branch, region, or all.';
comment on column crm_access_rules.can_view is 'Flag showing whether the role can view matching records.';
comment on column crm_access_rules.can_create is 'Flag showing whether the role can create matching records.';
comment on column crm_access_rules.can_update is 'Flag showing whether the role can update matching records.';
comment on column crm_access_rules.can_delete is 'Flag showing whether the role can delete matching records.';
comment on column crm_access_rules.can_approve is 'Flag showing whether the role can approve matching transactions or workflow items.';
comment on column crm_access_rules.row_version is 'Version number used for optimistic locking and update sequencing.';
comment on column crm_access_rules.created_on is 'Date and time when the record was created.';
comment on column crm_access_rules.created_by is 'User or system that created the record.';
comment on column crm_access_rules.updated_on is 'Date and time when the record was last updated.';
comment on column crm_access_rules.updated_by is 'User or system that last updated the record.';

comment on table crm_orders is 'Sales order header created directly or from an accepted quote.';
comment on column crm_orders.order_id is 'Unique identifier for the order record.';
comment on column crm_orders.customer_id is 'Customer associated with the record.';
comment on column crm_orders.quote_id is 'Quote from which the order was created when applicable.';
comment on column crm_orders.order_source_id is 'Origin by which the order entered the business process.';
comment on column crm_orders.user_sales_id is 'Sales user responsible for the order.';
comment on column crm_orders.order_status_id is 'Current processing status of the order.';
comment on column crm_orders.approval_status_id is 'Current approval status of the record.';
comment on column crm_orders.approval_required is 'Flag showing whether the transaction requires approval before completion.';
comment on column crm_orders.order_date is 'Date when the order was created or confirmed.';
comment on column crm_orders.delivery_date is 'Planned or actual delivery date for the order.';
comment on column crm_orders.total_amt is 'Total monetary amount for the record.';
comment on column crm_orders.row_version is 'Version number used for optimistic locking and update sequencing.';
comment on column crm_orders.created_on is 'Date and time when the record was created.';
comment on column crm_orders.created_by is 'User or system that created the record.';
comment on column crm_orders.updated_on is 'Date and time when the record was last updated.';
comment on column crm_orders.updated_by is 'User or system that last updated the record.';

comment on table crm_order_history is 'Field-level audit history for order changes.';
comment on column crm_order_history.order_hist_id is 'Unique identifier for the order history record.';
comment on column crm_order_history.order_id is 'Order that this history record belongs to.';
comment on column crm_order_history.field_name is 'Name of the field that changed.';
comment on column crm_order_history.old_value is 'Value before the change was made.';
comment on column crm_order_history.new_value is 'Value after the change was made.';
comment on column crm_order_history.changed_by_user_id is 'User who made the change.';
comment on column crm_order_history.changed_on is 'Date and time when the change was recorded.';

comment on table crm_approval_actions is 'Workflow history table for approval requests and actions. A row references either an order or a quote.';
comment on column crm_approval_actions.approval_action_id is 'Unique identifier for the approval action record.';
comment on column crm_approval_actions.order_id is 'Order associated with the approval action when the workflow is for an order.';
comment on column crm_approval_actions.quote_id is 'Quote associated with the approval action when the workflow is for a quote.';
comment on column crm_approval_actions.approval_rule_id is 'Approval rule that routed or justified the action.';
comment on column crm_approval_actions.approval_status_id is 'Current approval status of the record.';
comment on column crm_approval_actions.action_seq_no is 'Sequence number of the approval action within the workflow.';
comment on column crm_approval_actions.actor_user_id is 'User who performed the approval action.';
comment on column crm_approval_actions.action_on is 'Date and time when the approval action was recorded.';
comment on column crm_approval_actions.comments is 'Comments or business rationale captured for the approval action.';
comment on column crm_approval_actions.row_version is 'Version number used for optimistic locking and update sequencing.';
comment on column crm_approval_actions.created_on is 'Date and time when the record was created.';
comment on column crm_approval_actions.created_by is 'User or system that created the record.';
comment on column crm_approval_actions.updated_on is 'Date and time when the record was last updated.';
comment on column crm_approval_actions.updated_by is 'User or system that last updated the record.';

comment on table crm_bookings is 'Order line or booking item table. Each order must contain one or more booking rows.';
comment on column crm_bookings.booking_id is 'Unique identifier for the booking record.';
comment on column crm_bookings.order_id is 'Order that this booking line belongs to.';
comment on column crm_bookings.line_no is 'Display order of the line within the parent document.';
comment on column crm_bookings.product_type_id is 'Product type associated with the record.';
comment on column crm_bookings.product_id is 'Product associated with the record.';
comment on column crm_bookings.price is 'Unit price for the booking line before discount and tax.';
comment on column crm_bookings.quantity is 'Quantity for the line item.';
comment on column crm_bookings.discount_amt is 'Discount amount applied to the record or line item.';
comment on column crm_bookings.tax_amt is 'Tax amount applied to the record or line item.';
comment on column crm_bookings.line_amt is 'Net amount for the line after quantity, price, discount, and tax are applied.';
comment on column crm_bookings.row_version is 'Version number used for optimistic locking and update sequencing.';
comment on column crm_bookings.created_on is 'Date and time when the record was created.';
comment on column crm_bookings.created_by is 'User or system that created the record.';
comment on column crm_bookings.updated_on is 'Date and time when the record was last updated.';
comment on column crm_bookings.updated_by is 'User or system that last updated the record.';

comment on table crm_booking_history is 'Field-level audit history for booking changes.';
comment on column crm_booking_history.booking_hist_id is 'Unique identifier for the booking history record.';
comment on column crm_booking_history.booking_id is 'Booking line that this history record belongs to.';
comment on column crm_booking_history.field_name is 'Name of the field that changed.';
comment on column crm_booking_history.old_value is 'Value before the change was made.';
comment on column crm_booking_history.new_value is 'Value after the change was made.';
comment on column crm_booking_history.changed_by_user_id is 'User who made the change.';
comment on column crm_booking_history.changed_on is 'Date and time when the change was recorded.';

comment on table crm_invoices is 'Invoice header generated from confirmed orders.';
comment on column crm_invoices.invoice_id is 'Unique identifier for the invoice record.';
comment on column crm_invoices.order_id is 'Order that this invoice was generated from.';
comment on column crm_invoices.invoice_no is 'Business invoice number shown to customers and finance teams.';
comment on column crm_invoices.invoice_status_id is 'Current collection status of the invoice.';
comment on column crm_invoices.invoice_date is 'Date when the invoice was issued.';
comment on column crm_invoices.due_date is 'Date when the invoice payment is due.';
comment on column crm_invoices.tax_amt is 'Tax amount applied to the record or line item.';
comment on column crm_invoices.total_amt is 'Total monetary amount for the record.';
comment on column crm_invoices.paid_amt is 'Total amount that has been paid against the invoice.';
comment on column crm_invoices.outstanding_amt is 'Remaining amount still due on the invoice.';
comment on column crm_invoices.row_version is 'Version number used for optimistic locking and update sequencing.';
comment on column crm_invoices.created_on is 'Date and time when the record was created.';
comment on column crm_invoices.created_by is 'User or system that created the record.';
comment on column crm_invoices.updated_on is 'Date and time when the record was last updated.';
comment on column crm_invoices.updated_by is 'User or system that last updated the record.';

comment on table crm_invoice_history is 'Field-level audit history for invoice changes.';
comment on column crm_invoice_history.invoice_hist_id is 'Unique identifier for the invoice history record.';
comment on column crm_invoice_history.invoice_id is 'Invoice that this history record belongs to.';
comment on column crm_invoice_history.field_name is 'Name of the field that changed.';
comment on column crm_invoice_history.old_value is 'Value before the change was made.';
comment on column crm_invoice_history.new_value is 'Value after the change was made.';
comment on column crm_invoice_history.changed_by_user_id is 'User who made the change.';
comment on column crm_invoice_history.changed_on is 'Date and time when the change was recorded.';

comment on table crm_payments is 'Payment transactions applied to invoices.';
comment on column crm_payments.payment_id is 'Unique identifier for the payment record.';
comment on column crm_payments.invoice_id is 'Invoice that the payment is applied to.';
comment on column crm_payments.pay_date is 'Date when the payment was received or recorded.';
comment on column crm_payments.pay_amt is 'Amount recorded for the payment transaction.';
comment on column crm_payments.payment_mode_id is 'Method used to settle the payment.';
comment on column crm_payments.payment_status_id is 'Current settlement status of the payment.';
comment on column crm_payments.reference_no is 'External transaction reference from the payment provider or bank.';
comment on column crm_payments.row_version is 'Version number used for optimistic locking and update sequencing.';
comment on column crm_payments.created_on is 'Date and time when the record was created.';
comment on column crm_payments.created_by is 'User or system that created the record.';
comment on column crm_payments.updated_on is 'Date and time when the record was last updated.';
comment on column crm_payments.updated_by is 'User or system that last updated the record.';

comment on table crm_payment_history is 'Field-level audit history for payment changes.';
comment on column crm_payment_history.payment_hist_id is 'Unique identifier for the payment history record.';
comment on column crm_payment_history.payment_id is 'Payment that this history record belongs to.';
comment on column crm_payment_history.field_name is 'Name of the field that changed.';
comment on column crm_payment_history.old_value is 'Value before the change was made.';
comment on column crm_payment_history.new_value is 'Value after the change was made.';
comment on column crm_payment_history.changed_by_user_id is 'User who made the change.';
comment on column crm_payment_history.changed_on is 'Date and time when the change was recorded.';

comment on table crm_sales_targets is 'Sales targets for a period at user, branch, or region level.';
comment on column crm_sales_targets.target_id is 'Unique identifier for the sales target record.';
comment on column crm_sales_targets.target_scope_code is 'Scope at which the target is set, such as user, branch, or region.';
comment on column crm_sales_targets.user_id is 'User associated with the target when the scope is set at user level.';
comment on column crm_sales_targets.branch_id is 'Branch associated with the target when the scope is set at branch level.';
comment on column crm_sales_targets.region_id is 'Region associated with the target when the scope is set at region level.';
comment on column crm_sales_targets.period_start_date is 'Start date of the period covered by the record.';
comment on column crm_sales_targets.period_end_date is 'End date of the period covered by the record.';
comment on column crm_sales_targets.target_amt is 'Revenue or booking amount target for the period.';
comment on column crm_sales_targets.target_count is 'Count-based target for the period, such as deals or orders.';
comment on column crm_sales_targets.row_version is 'Version number used for optimistic locking and update sequencing.';
comment on column crm_sales_targets.created_on is 'Date and time when the record was created.';
comment on column crm_sales_targets.created_by is 'User or system that created the record.';
comment on column crm_sales_targets.updated_on is 'Date and time when the record was last updated.';
comment on column crm_sales_targets.updated_by is 'User or system that last updated the record.';

comment on table crm_forecasts is 'Forecast snapshots by category and organizational scope.';
comment on column crm_forecasts.forecast_id is 'Unique identifier for the forecast record.';
comment on column crm_forecasts.forecast_category_id is 'Forecast bucket used for the snapshot.';
comment on column crm_forecasts.forecast_scope_code is 'Scope at which the forecast is captured, such as user, branch, or region.';
comment on column crm_forecasts.user_id is 'User associated with the forecast when the scope is set at user level.';
comment on column crm_forecasts.branch_id is 'Branch associated with the forecast when the scope is set at branch level.';
comment on column crm_forecasts.region_id is 'Region associated with the forecast when the scope is set at region level.';
comment on column crm_forecasts.period_start_date is 'Start date of the period covered by the record.';
comment on column crm_forecasts.period_end_date is 'End date of the period covered by the record.';
comment on column crm_forecasts.snapshot_date is 'Date on which the forecast snapshot was taken.';
comment on column crm_forecasts.forecast_amt is 'Forecasted commercial amount for the period and scope.';
comment on column crm_forecasts.row_version is 'Version number used for optimistic locking and update sequencing.';
comment on column crm_forecasts.created_on is 'Date and time when the record was created.';
comment on column crm_forecasts.created_by is 'User or system that created the record.';
comment on column crm_forecasts.updated_on is 'Date and time when the record was last updated.';
comment on column crm_forecasts.updated_by is 'User or system that last updated the record.';

comment on table crm_duplicate_match_rules is 'Configuration table defining duplicate detection rules for accounts, contacts, and customers.';
comment on column crm_duplicate_match_rules.match_rule_id is 'Unique identifier for the duplicate match rule record.';
comment on column crm_duplicate_match_rules.entity_name is 'Business entity type that the duplicate rule applies to.';
comment on column crm_duplicate_match_rules.rule_name is 'Business-friendly name of the rule.';
comment on column crm_duplicate_match_rules.match_attributes is 'Attributes used by the duplicate rule to compare records for similarity.';
comment on column crm_duplicate_match_rules.threshold_pct is 'Minimum similarity score required for the rule to flag a potential duplicate.';
comment on column crm_duplicate_match_rules.row_version is 'Version number used for optimistic locking and update sequencing.';
comment on column crm_duplicate_match_rules.created_on is 'Date and time when the record was created.';
comment on column crm_duplicate_match_rules.created_by is 'User or system that created the record.';
comment on column crm_duplicate_match_rules.updated_on is 'Date and time when the record was last updated.';
comment on column crm_duplicate_match_rules.updated_by is 'User or system that last updated the record.';

--------------------------------------------------------------------------------
-- Deferred circular references
--------------------------------------------------------------------------------

alter table crm_leads add constraint fk_lead_cvt_opp
    foreign key (converted_opportunity_id)
    references crm_opportunities (opportunity_id);

--------------------------------------------------------------------------------
-- Secondary indexes
--------------------------------------------------------------------------------

create index ix_branch_region on crm_branches (region_id);

create index ix_user_role on crm_users (role_id);
create index ix_user_branch on crm_users (branch_id);
create index ix_user_region on crm_users (region_id);
create index ix_user_supervisor on crm_users (supervisor_user_id);

create index ix_product_type on crm_products (product_type_id);

create index ix_account_branch on crm_accounts (branch_id);
create index ix_account_owner on crm_accounts (user_owner_id);
create index ix_account_industry on crm_accounts (industry_id);

create index ix_contact_account on crm_contacts (account_id);
create index ix_contact_email on crm_contacts (email);

create index ix_cust_account on crm_customers (account_id);
create index ix_cust_pcontact on crm_customers (primary_contact_id);
create index ix_cust_branch on crm_customers (branch_id);
create index ix_cust_owner on crm_customers (user_owner_id);

create index ix_lead_account on crm_leads (account_id);
create index ix_lead_contact on crm_leads (contact_id);
create index ix_lead_owner on crm_leads (user_owner_id);
create index ix_lead_branch on crm_leads (branch_id);
create index ix_lead_rpt on crm_leads (
    branch_id,
    user_owner_id,
    lead_state_id,
    lead_source_id,
    created_on
);

create index ix_lead_hist_lead on crm_lead_history (lead_id);

create index ix_opp_lead on crm_opportunities (lead_id);
create index ix_opp_account on crm_opportunities (account_id);
create index ix_opp_owner on crm_opportunities (user_owner_id);
create index ix_opp_stage on crm_opportunities (opportunity_stage_id);
create index ix_opp_pipeline on crm_opportunities (
    user_owner_id,
    opportunity_stage_id,
    current_stage_date,
    expected_close_date
);

create index ix_osh_opp on crm_opportunity_stage_history (opportunity_id);
create index ix_opp_hist_opp on crm_opportunity_history (opportunity_id);

create index ix_opp_cont_opp on crm_opportunity_contacts (opportunity_id);
create index ix_opp_cont_contact on crm_opportunity_contacts (contact_id);
create unique index ux_opp_cont_primary on crm_opportunity_contacts (
    case when is_primary = 'Y' then opportunity_id end
);

create index ix_cust_cont_cust on crm_customer_contacts (customer_id);
create index ix_cust_cont_contact on crm_customer_contacts (contact_id);
create unique index ux_cust_cont_primary on crm_customer_contacts (
    case when is_primary = 'Y' then customer_id end
);

create index ix_cust_hist_cust on crm_customer_history (customer_id);

create index ix_quote_opp on crm_quotes (opportunity_id);
create index ix_quote_status on crm_quotes (quote_status_id);
create index ix_quote_owner on crm_quotes (user_owner_id);

create index ix_quote_line_quote on crm_quote_lines (quote_id);
create index ix_quote_line_prod on crm_quote_lines (product_id);
create index ix_quote_hist_quote on crm_quote_history (quote_id);

create index ix_activity_owner on crm_activities (owner_user_id);
create index ix_activity_assign on crm_activities (assigned_user_id);
create index ix_activity_type on crm_activities (activity_type_id);
create index ix_activity_status on crm_activities (activity_status_id);
create index ix_activity_work on crm_activities (
    assigned_user_id,
    activity_status_id,
    due_on
);

create index ix_act_rel_activity on crm_activity_relations (activity_id);
create index ix_act_rel_entity on crm_activity_relations (
    related_entity_type,
    related_entity_id
);

create index ix_appr_rule_scope on crm_approval_rules (
    entity_type,
    branch_id,
    region_id,
    seq_no
);
create index ix_appr_rule_role on crm_approval_rules (approver_role_id);

create index ix_order_customer on crm_orders (customer_id);
create index ix_order_quote on crm_orders (quote_id);
create index ix_order_sales on crm_orders (user_sales_id);
create index ix_order_rpt on crm_orders (
    customer_id,
    order_status_id,
    order_date,
    approval_status_id
);

create index ix_appr_action_order on crm_approval_actions (order_id);
create index ix_appr_action_quote on crm_approval_actions (quote_id);
create index ix_appr_action_status on crm_approval_actions (approval_status_id);
create index ix_appr_action_queue on crm_approval_actions (
    approval_status_id,
    action_on,
    action_seq_no
);

create index ix_booking_order on crm_bookings (order_id);
create index ix_booking_prod on crm_bookings (product_id);
create index ix_booking_type on crm_bookings (product_type_id);
create index ix_book_hist_booking on crm_booking_history (booking_id);

create index ix_invoice_order on crm_invoices (order_id);
create index ix_invoice_rpt on crm_invoices (
    order_id,
    invoice_status_id,
    invoice_date
);

create index ix_payment_invoice on crm_payments (invoice_id);
create index ix_payment_rpt on crm_payments (
    invoice_id,
    payment_status_id,
    pay_date
);

create index ix_target_scope on crm_sales_targets (
    target_scope_code,
    period_start_date,
    period_end_date
);

create index ix_fcst_scope on crm_forecasts (
    forecast_scope_code,
    forecast_category_id,
    period_start_date,
    period_end_date,
    snapshot_date
);

create index ix_match_entity on crm_duplicate_match_rules (entity_name);
create index ix_account_rel_status on crm_accounts (account_relationship_status_id);
create index ix_contact_pref_channel on crm_contacts (preferred_channel_id);
create index ix_acct_cont_role_acct on crm_account_contact_roles (account_id);
create index ix_acct_cont_role_cont on crm_account_contact_roles (contact_id);
create index ix_acct_cont_role_role on crm_account_contact_roles (contact_role_id);
create index ix_opp_next_review on crm_opportunities (next_review_date);
create index ix_opp_product_opp on crm_opportunity_products (opportunity_id);
create index ix_opp_product_prod on crm_opportunity_products (product_id);
create index ix_access_rule_role on crm_access_rules (role_id);
create index ix_order_hist_order on crm_order_history (order_id);
create index ix_invoice_hist_invoice on crm_invoice_history (invoice_id);
create index ix_payment_hist_payment on crm_payment_history (payment_id);

--------------------------------------------------------------------------------
-- Business rule triggers
--------------------------------------------------------------------------------

create or replace trigger crm_biu_lead_disqual_reason
    before insert or update of lead_state_id, lead_disqual_reason_id on crm_leads
    for each row
declare
    l_lead_state_code crm_lead_states.code%type;
begin
    select upper(code)
    into l_lead_state_code
    from crm_lead_states
    where lead_state_id = :new.lead_state_id;

    if l_lead_state_code = 'DISQUALIFIED'
       and :new.lead_disqual_reason_id is null then
        raise_application_error(
            -20001,
            'Disqualified leads must include a disqualification reason.'
        );
    end if;
end;
/

create or replace trigger crm_biu_opp_close_reason
    before insert or update of opportunity_stage_id, close_reason_id on crm_opportunities
    for each row
declare
    l_stage_code crm_opportunity_stages.code%type;
    l_outcome_type crm_opportunity_close_reasons.outcome_type%type;
begin
    select upper(code)
    into l_stage_code
    from crm_opportunity_stages
    where opportunity_stage_id = :new.opportunity_stage_id;

    if l_stage_code in ('CLOSED_WON', 'CLOSED_LOST') then
        if :new.close_reason_id is null then
            raise_application_error(
                -20002,
                'Closed opportunities must include a matching close reason.'
            );
        end if;

        select upper(outcome_type)
        into l_outcome_type
        from crm_opportunity_close_reasons
        where opportunity_close_reason_id = :new.close_reason_id;

        if l_stage_code = 'CLOSED_WON' and l_outcome_type <> 'WON' then
            raise_application_error(
                -20003,
                'Closed won opportunities require a close reason with outcome type WON.'
            );
        elsif l_stage_code = 'CLOSED_LOST' and l_outcome_type <> 'LOST' then
            raise_application_error(
                -20004,
                'Closed lost opportunities require a close reason with outcome type LOST.'
            );
        end if;
    end if;
end;
/

create or replace trigger crm_bu_order_require_bookings
    before update of order_status_id on crm_orders
    for each row
declare
    l_order_status_code crm_order_statuses.code%type;
    l_booking_count number;
begin
    select upper(code)
    into l_order_status_code
    from crm_order_statuses
    where order_status_id = :new.order_status_id;

    if l_order_status_code in ('CONFIRMED', 'DELIVERED')
       and nvl(:old.order_status_id, -1) <> :new.order_status_id then
        select count(*)
        into l_booking_count
        from crm_bookings
        where order_id = :new.order_id;

        if l_booking_count = 0 then
            raise_application_error(
                -20005,
                'Orders must include at least one booking before they can be confirmed or delivered.'
            );
        end if;
    end if;
end;
/

create or replace trigger crm_bu_order_require_approval
    before update of order_status_id, approval_status_id, approval_required on crm_orders
    for each row
declare
    l_order_status_code crm_order_statuses.code%type;
    l_approval_status_code crm_approval_statuses.code%type;
begin
    if :new.approval_required = 'Y' then
        select upper(code)
        into l_order_status_code
        from crm_order_statuses
        where order_status_id = :new.order_status_id;

        if l_order_status_code in ('CONFIRMED', 'DELIVERED') then
            if :new.approval_status_id is null then
                raise_application_error(
                    -20006,
                    'Approval-required orders must be approved before they can be confirmed or delivered.'
                );
            end if;

            select upper(code)
            into l_approval_status_code
            from crm_approval_statuses
            where approval_status_id = :new.approval_status_id;

            if l_approval_status_code <> 'APPROVED' then
                raise_application_error(
                    -20007,
                    'Approval-required orders must have approval status APPROVED before confirmation or delivery.'
                );
            end if;
        end if;
    end if;
end;
/

--------------------------------------------------------------------------------
-- Reporting views
--------------------------------------------------------------------------------

create or replace view crm_vw_lead_funnel as
with lead_rollup as (
    select
        trunc(l.created_on, 'MM') as period_month,
        l.branch_id,
        b.name as branch_name,
        l.user_owner_id,
        u.username as owner_username,
        l.lead_source_id,
        ls.code as lead_source_code,
        count(*) as lead_count,
        sum(
            case
                when upper(st.code) = 'CONVERTED' or l.converted_opportunity_id is not null then 1
                else 0
            end
        ) as converted_lead_count,
        sum(case when upper(st.code) = 'DISQUALIFIED' then 1 else 0 end) as disqualified_lead_count,
        sum(
            case
                when upper(st.code) not in ('CONVERTED', 'DISQUALIFIED') then 1
                else 0
            end
        ) as open_lead_count,
        sum(nvl(l.expected_value_amt, 0)) as expected_value_amt,
        sum(case when l.converted_opportunity_id is not null then 1 else 0 end) as converted_opportunity_count,
        sum(case when l.converted_customer_id is not null then 1 else 0 end) as converted_customer_count
    from crm_leads l
    join crm_users u
        on u.user_id = l.user_owner_id
    join crm_lead_states st
        on st.lead_state_id = l.lead_state_id
    left join crm_branches b
        on b.branch_id = l.branch_id
    left join crm_lead_sources ls
        on ls.lead_source_id = l.lead_source_id
    group by
        trunc(l.created_on, 'MM'),
        l.branch_id,
        b.name,
        l.user_owner_id,
        u.username,
        l.lead_source_id,
        ls.code
)
select
    lr.period_month,
    lr.branch_id,
    lr.branch_name,
    lr.user_owner_id,
    lr.owner_username,
    lr.lead_source_id,
    lr.lead_source_code,
    lr.lead_count,
    lr.converted_lead_count,
    lr.disqualified_lead_count,
    lr.open_lead_count,
    lr.expected_value_amt,
    lr.converted_opportunity_count,
    lr.converted_customer_count,
    case
        when lr.lead_count > 0 then round(lr.converted_lead_count / lr.lead_count * 100, 2)
    end as conversion_rate_pct,
    case
        when lr.lead_count > 0 then round(lr.disqualified_lead_count / lr.lead_count * 100, 2)
    end as disqualification_rate_pct
from lead_rollup lr;

create or replace view crm_vw_opportunity_pipeline as
with opp_product_rollup as (
    select
        opportunity_id,
        count(*) as interested_product_count
    from crm_opportunity_products
    group by opportunity_id
)
select
    trunc(nvl(o.expected_close_date, o.created_on), 'MM') as period_month,
    nvl(a.branch_id, l.branch_id) as branch_id,
    b.name as branch_name,
    o.user_owner_id,
    u.username as owner_username,
    o.opportunity_stage_id,
    s.code as opportunity_stage_code,
    count(*) as opportunity_count,
    sum(nvl(o.value_amt, 0)) as pipeline_value_amt,
    sum(nvl(o.value_amt, 0) * nvl(o.probability_pct, 0) / 100) as weighted_pipeline_amt,
    avg(trunc(sysdate) - trunc(nvl(o.current_stage_date, o.created_on))) as avg_stage_age_days,
    sum(case when o.closed_date is not null then 1 else 0 end) as closed_opportunity_count,
    sum(
        case
            when o.closed_date is null
             and o.next_review_date is not null
             and trunc(o.next_review_date) < trunc(sysdate) then 1
            else 0
        end
    ) as overdue_review_count,
    sum(
        case
            when o.closed_date is null
             and trunc(sysdate) - trunc(nvl(o.current_stage_date, o.created_on)) > 30 then 1
            else 0
        end
    ) as stale_opportunity_count,
    sum(nvl(opr.interested_product_count, 0)) as interested_product_count
from crm_opportunities o
join crm_users u
    on u.user_id = o.user_owner_id
join crm_opportunity_stages s
    on s.opportunity_stage_id = o.opportunity_stage_id
left join crm_accounts a
    on a.account_id = o.account_id
left join crm_leads l
    on l.lead_id = o.lead_id
left join crm_branches b
    on b.branch_id = nvl(a.branch_id, l.branch_id)
left join opp_product_rollup opr
    on opr.opportunity_id = o.opportunity_id
group by
    trunc(nvl(o.expected_close_date, o.created_on), 'MM'),
    nvl(a.branch_id, l.branch_id),
    b.name,
    o.user_owner_id,
    u.username,
    o.opportunity_stage_id,
    s.code;

create or replace view crm_vw_opportunity_stage_duration as
with stage_entries as (
    select
        osh.opp_stage_hist_id,
        osh.opportunity_id,
        osh.new_stage_id as opportunity_stage_id,
        osh.changed_by_user_id,
        osh.changed_on as stage_start_on
    from crm_opportunity_stage_history osh
    where osh.new_stage_id is not null
    union all
    select
        cast(null as number) as opp_stage_hist_id,
        o.opportunity_id,
        o.opportunity_stage_id,
        o.user_owner_id as changed_by_user_id,
        nvl(o.current_stage_date, o.created_on) as stage_start_on
    from crm_opportunities o
    where not exists (
        select 1
        from crm_opportunity_stage_history osh
        where osh.opportunity_id = o.opportunity_id
          and osh.new_stage_id is not null
    )
),
ordered_entries as (
    select
        se.opp_stage_hist_id,
        se.opportunity_id,
        se.opportunity_stage_id,
        se.changed_by_user_id,
        se.stage_start_on,
        lead(se.stage_start_on) over (
            partition by se.opportunity_id
            order by se.stage_start_on, nvl(se.opp_stage_hist_id, 0)
        ) as next_stage_on
    from stage_entries se
)
select
    oe.opportunity_id,
    o.opportunity_name,
    nvl(a.branch_id, l.branch_id) as branch_id,
    b.name as branch_name,
    o.user_owner_id,
    ou.username as owner_username,
    oe.opportunity_stage_id,
    s.code as opportunity_stage_code,
    oe.stage_start_on,
    coalesce(oe.next_stage_on, o.closed_date, sysdate) as stage_end_on,
    round(coalesce(oe.next_stage_on, o.closed_date, sysdate) - oe.stage_start_on, 2) as duration_days,
    oe.changed_by_user_id,
    cu.username as changed_by_username
from ordered_entries oe
join crm_opportunities o
    on o.opportunity_id = oe.opportunity_id
join crm_opportunity_stages s
    on s.opportunity_stage_id = oe.opportunity_stage_id
join crm_users ou
    on ou.user_id = o.user_owner_id
left join crm_users cu
    on cu.user_id = oe.changed_by_user_id
left join crm_accounts a
    on a.account_id = o.account_id
left join crm_leads l
    on l.lead_id = o.lead_id
left join crm_branches b
    on b.branch_id = nvl(a.branch_id, l.branch_id);

create or replace view crm_vw_opportunity_outcomes as
select
    trunc(nvl(o.closed_date, o.updated_on), 'MM') as period_month,
    nvl(a.branch_id, l.branch_id) as branch_id,
    b.name as branch_name,
    o.user_owner_id,
    u.username as owner_username,
    case
        when upper(s.code) = 'CLOSED_WON' then 'WON'
        when upper(s.code) = 'CLOSED_LOST' then 'LOST'
        else nvl(cr.outcome_type, 'OPEN')
    end as outcome_type,
    o.close_reason_id,
    cr.code as close_reason_code,
    cr.description as close_reason_description,
    count(*) as opportunity_count,
    sum(nvl(o.value_amt, 0)) as total_value_amt,
    avg(nvl(o.value_amt, 0)) as avg_value_amt
from crm_opportunities o
join crm_users u
    on u.user_id = o.user_owner_id
join crm_opportunity_stages s
    on s.opportunity_stage_id = o.opportunity_stage_id
left join crm_opportunity_close_reasons cr
    on cr.opportunity_close_reason_id = o.close_reason_id
left join crm_accounts a
    on a.account_id = o.account_id
left join crm_leads l
    on l.lead_id = o.lead_id
left join crm_branches b
    on b.branch_id = nvl(a.branch_id, l.branch_id)
where upper(s.code) in ('CLOSED_WON', 'CLOSED_LOST')
group by
    trunc(nvl(o.closed_date, o.updated_on), 'MM'),
    nvl(a.branch_id, l.branch_id),
    b.name,
    o.user_owner_id,
    u.username,
    case
        when upper(s.code) = 'CLOSED_WON' then 'WON'
        when upper(s.code) = 'CLOSED_LOST' then 'LOST'
        else nvl(cr.outcome_type, 'OPEN')
    end,
    o.close_reason_id,
    cr.code,
    cr.description;

create or replace view crm_vw_quote_conversion as
with quote_orders as (
    select
        quote_id,
        count(*) as order_count,
        sum(nvl(total_amt, 0)) as order_total_amt
    from crm_orders
    where quote_id is not null
    group by quote_id
)
,
quote_rollup as (
    select
        trunc(q.quote_date, 'MM') as period_month,
        a.branch_id,
        b.name as branch_name,
        q.user_owner_id,
        u.username as owner_username,
        q.quote_status_id,
        qs.code as quote_status_code,
        count(*) as quote_count,
        sum(case when q.accepted_date is not null then 1 else 0 end) as accepted_quote_count,
        sum(case when q.rejected_date is not null then 1 else 0 end) as rejected_quote_count,
        sum(case when nvl(qo.order_count, 0) > 0 then 1 else 0 end) as converted_quote_count,
        sum(nvl(qo.order_count, 0)) as converted_order_count,
        sum(nvl(qo.order_total_amt, 0)) as converted_order_amt,
        sum(nvl(q.total_amt, 0)) as total_quote_amt,
        sum(nvl(q.discount_amt, 0)) as total_discount_amt,
        avg(nvl(q.discount_amt, 0)) as avg_discount_amt,
        avg(
            case
                when q.accepted_date is not null then q.accepted_date - q.quote_date
                when q.rejected_date is not null then q.rejected_date - q.quote_date
                when q.expiry_date is not null
                 and q.expiry_date <= trunc(sysdate)
                 and q.accepted_date is null
                 and q.rejected_date is null then q.expiry_date - q.quote_date
            end
        ) as avg_turnaround_days
    from crm_quotes q
    join crm_users u
        on u.user_id = q.user_owner_id
    join crm_quote_statuses qs
        on qs.quote_status_id = q.quote_status_id
    left join crm_accounts a
        on a.account_id = q.account_id
    left join crm_branches b
        on b.branch_id = a.branch_id
    left join quote_orders qo
        on qo.quote_id = q.quote_id
    group by
        trunc(q.quote_date, 'MM'),
        a.branch_id,
        b.name,
        q.user_owner_id,
        u.username,
        q.quote_status_id,
        qs.code
)
select
    qr.period_month,
    qr.branch_id,
    qr.branch_name,
    qr.user_owner_id,
    qr.owner_username,
    qr.quote_status_id,
    qr.quote_status_code,
    qr.quote_count,
    qr.accepted_quote_count,
    qr.rejected_quote_count,
    qr.converted_quote_count,
    qr.converted_order_count,
    qr.converted_order_amt,
    qr.total_quote_amt,
    qr.total_discount_amt,
    qr.avg_discount_amt,
    qr.avg_turnaround_days,
    case
        when qr.quote_count > 0 then round(qr.accepted_quote_count / qr.quote_count * 100, 2)
    end as acceptance_rate_pct,
    case
        when qr.quote_count > 0 then round(qr.converted_quote_count / qr.quote_count * 100, 2)
    end as order_conversion_rate_pct
from quote_rollup qr;

create or replace view crm_vw_order_approval_queue as
with approval_events as (
    select
        aa.approval_action_id,
        case when aa.order_id is not null then 'ORDER' else 'QUOTE' end as entity_type,
        aa.order_id,
        aa.quote_id,
        coalesce(o.customer_id, q.customer_id) as customer_id,
        c.name as customer_name,
        c.branch_id,
        b.name as branch_name,
        aa.approval_rule_id,
        ar.rule_name,
        nvl(ar.response_due_hours, 24) as response_due_hours,
        aa.approval_status_id,
        aps.code as approval_status_code,
        aa.action_seq_no,
        aa.actor_user_id,
        u.username as actor_username,
        aa.action_on,
        coalesce(o.total_amt, q.total_amt) as transaction_amt,
        coalesce(os.code, qs.code) as transaction_status_code,
        min(case when upper(aps.code) = 'REQUESTED' then aa.action_on end)
            over (partition by aa.order_id, aa.quote_id) as requested_on
    from crm_approval_actions aa
    join crm_approval_statuses aps
        on aps.approval_status_id = aa.approval_status_id
    join crm_users u
        on u.user_id = aa.actor_user_id
    left join crm_approval_rules ar
        on ar.approval_rule_id = aa.approval_rule_id
    left join crm_orders o
        on o.order_id = aa.order_id
    left join crm_quotes q
        on q.quote_id = aa.quote_id
    left join crm_order_statuses os
        on os.order_status_id = o.order_status_id
    left join crm_quote_statuses qs
        on qs.quote_status_id = q.quote_status_id
    left join crm_customers c
        on c.customer_id = coalesce(o.customer_id, q.customer_id)
    left join crm_branches b
        on b.branch_id = c.branch_id
)
select
    ae.approval_action_id,
    ae.entity_type,
    ae.order_id,
    ae.quote_id,
    ae.customer_id,
    ae.customer_name,
    ae.branch_id,
    ae.branch_name,
    ae.approval_rule_id,
    ae.rule_name,
    ae.response_due_hours,
    ae.approval_status_id,
    ae.approval_status_code,
    ae.action_seq_no,
    ae.actor_user_id,
    ae.actor_username,
    ae.action_on,
    ae.transaction_amt,
    ae.transaction_status_code,
    ae.requested_on,
    ae.requested_on + (ae.response_due_hours / 24) as response_due_on,
    round((ae.action_on - ae.requested_on) * 24, 2) as turnaround_hours,
    case
        when upper(ae.approval_status_code) not in ('APPROVED', 'REJECTED')
         and ae.requested_on is not null
         and ae.requested_on + (ae.response_due_hours / 24) < sysdate then 'Y'
        else 'N'
    end as is_overdue_flag
from approval_events ae;

create or replace view crm_vw_collection_summary as
with payment_rollup as (
    select
        p.invoice_id,
        sum(case when upper(ps.code) = 'PAID' then nvl(p.pay_amt, 0) else 0 end) as settled_payment_amt,
        sum(case when upper(ps.code) = 'PENDING' then nvl(p.pay_amt, 0) else 0 end) as pending_payment_amt,
        max(p.pay_date) as last_payment_on
    from crm_payments p
    join crm_payment_statuses ps
        on ps.payment_status_id = p.payment_status_id
    group by p.invoice_id
)
select
    c.customer_id,
    c.name as customer_name,
    c.branch_id,
    b.name as branch_name,
    trunc(i.invoice_date, 'MM') as period_month,
    count(i.invoice_id) as invoice_count,
    sum(nvl(i.total_amt, 0)) as invoice_total_amt,
    sum(nvl(i.paid_amt, 0)) as paid_amt,
    sum(nvl(i.outstanding_amt, 0)) as outstanding_amt,
    sum(case when i.due_date < trunc(sysdate) and nvl(i.outstanding_amt, 0) > 0 then 1 else 0 end) as overdue_invoice_count,
    sum(
        case
            when i.due_date < trunc(sysdate) and nvl(i.outstanding_amt, 0) > 0 then nvl(i.outstanding_amt, 0)
            else 0
        end
    ) as overdue_amt,
    sum(nvl(pr.settled_payment_amt, 0)) as settled_payment_amt,
    sum(nvl(pr.pending_payment_amt, 0)) as pending_payment_amt,
    max(pr.last_payment_on) as last_payment_on
from crm_invoices i
join crm_orders o
    on o.order_id = i.order_id
join crm_customers c
    on c.customer_id = o.customer_id
left join crm_branches b
    on b.branch_id = c.branch_id
left join payment_rollup pr
    on pr.invoice_id = i.invoice_id
group by
    c.customer_id,
    c.name,
    c.branch_id,
    b.name,
    trunc(i.invoice_date, 'MM');

create or replace view crm_vw_forecast_accuracy as
with actuals as (
    select
        f.forecast_id,
        sum(
            case
                when upper(os.code) not in ('DRAFT', 'PENDING_APPROVAL', 'CANCELED')
                 and (
                    (f.forecast_scope_code = 'USER' and o.user_sales_id = f.user_id)
                    or (f.forecast_scope_code = 'BRANCH' and c.branch_id = f.branch_id)
                    or (f.forecast_scope_code = 'REGION' and cb.region_id = f.region_id)
                 )
                then nvl(o.total_amt, 0)
                else 0
            end
        ) as actual_amt,
        sum(
            case
                when upper(os.code) not in ('DRAFT', 'PENDING_APPROVAL', 'CANCELED')
                 and (
                    (f.forecast_scope_code = 'USER' and o.user_sales_id = f.user_id)
                    or (f.forecast_scope_code = 'BRANCH' and c.branch_id = f.branch_id)
                    or (f.forecast_scope_code = 'REGION' and cb.region_id = f.region_id)
                 )
                then 1
                else 0
            end
        ) as actual_order_count
    from crm_forecasts f
    left join crm_orders o
        on o.order_date between f.period_start_date and f.period_end_date
    left join crm_order_statuses os
        on os.order_status_id = o.order_status_id
    left join crm_customers c
        on c.customer_id = o.customer_id
    left join crm_branches cb
        on cb.branch_id = c.branch_id
    group by f.forecast_id
)
select
    f.forecast_id,
    f.forecast_category_id,
    fc.code as forecast_category_code,
    f.forecast_scope_code,
    f.user_id,
    u.username as forecast_username,
    f.branch_id,
    b.name as forecast_branch_name,
    f.region_id,
    r.name as forecast_region_name,
    f.period_start_date,
    f.period_end_date,
    f.snapshot_date,
    f.forecast_amt,
    nvl(a.actual_amt, 0) as actual_amt,
    nvl(a.actual_order_count, 0) as actual_order_count,
    nvl(a.actual_amt, 0) - nvl(f.forecast_amt, 0) as variance_amt,
    abs(nvl(a.actual_amt, 0) - nvl(f.forecast_amt, 0)) as abs_variance_amt,
    case
        when nvl(f.forecast_amt, 0) <> 0 then round((nvl(a.actual_amt, 0) - f.forecast_amt) / f.forecast_amt * 100, 2)
    end as variance_pct,
    case
        when nvl(a.actual_amt, 0) = 0 and nvl(f.forecast_amt, 0) = 0 then 100
        when greatest(abs(nvl(a.actual_amt, 0)), abs(nvl(f.forecast_amt, 0))) > 0 then
            round(
                (
                    1 - (
                        abs(nvl(a.actual_amt, 0) - nvl(f.forecast_amt, 0))
                        / greatest(abs(nvl(a.actual_amt, 0)), abs(nvl(f.forecast_amt, 0)))
                    )
                ) * 100,
                2
            )
    end as accuracy_pct
from crm_forecasts f
left join actuals a
    on a.forecast_id = f.forecast_id
left join crm_forecast_categories fc
    on fc.forecast_category_id = f.forecast_category_id
left join crm_users u
    on u.user_id = f.user_id
left join crm_branches b
    on b.branch_id = f.branch_id
left join crm_regions r
    on r.region_id = f.region_id;

create or replace view crm_vw_overdue_workload as
select
    'LEAD_FOLLOW_UP' as workload_type,
    'LEAD' as entity_type,
    l.lead_id as entity_id,
    l.branch_id,
    b.name as branch_name,
    l.user_owner_id as responsible_user_id,
    u.username as responsible_username,
    l.lead_subject as reference_label,
    l.next_action_date as due_on,
    trunc(sysdate) - trunc(l.next_action_date) as overdue_days,
    ls.code as status_code,
    l.expected_value_amt as amount_at_risk
from crm_leads l
join crm_lead_states ls
    on ls.lead_state_id = l.lead_state_id
join crm_users u
    on u.user_id = l.user_owner_id
left join crm_branches b
    on b.branch_id = l.branch_id
where l.next_action_date is not null
  and l.next_action_date < trunc(sysdate)
  and upper(ls.code) not in ('CONVERTED', 'DISQUALIFIED')
union all
select
    'OPPORTUNITY_ACTION' as workload_type,
    'OPPORTUNITY' as entity_type,
    o.opportunity_id as entity_id,
    a.branch_id,
    b.name as branch_name,
    o.user_owner_id as responsible_user_id,
    u.username as responsible_username,
    o.opportunity_name as reference_label,
    o.next_action_date as due_on,
    trunc(sysdate) - trunc(o.next_action_date) as overdue_days,
    os.code as status_code,
    o.value_amt as amount_at_risk
from crm_opportunities o
join crm_opportunity_stages os
    on os.opportunity_stage_id = o.opportunity_stage_id
join crm_users u
    on u.user_id = o.user_owner_id
left join crm_accounts a
    on a.account_id = o.account_id
left join crm_branches b
    on b.branch_id = a.branch_id
where o.next_action_date is not null
  and o.next_action_date < trunc(sysdate)
  and upper(os.code) not in ('CLOSED_WON', 'CLOSED_LOST')
union all
select
    'OPPORTUNITY_REVIEW' as workload_type,
    'OPPORTUNITY' as entity_type,
    o.opportunity_id as entity_id,
    a.branch_id,
    b.name as branch_name,
    o.user_owner_id as responsible_user_id,
    u.username as responsible_username,
    o.opportunity_name as reference_label,
    o.next_review_date as due_on,
    trunc(sysdate) - trunc(o.next_review_date) as overdue_days,
    os.code as status_code,
    o.value_amt as amount_at_risk
from crm_opportunities o
join crm_opportunity_stages os
    on os.opportunity_stage_id = o.opportunity_stage_id
join crm_users u
    on u.user_id = o.user_owner_id
left join crm_accounts a
    on a.account_id = o.account_id
left join crm_branches b
    on b.branch_id = a.branch_id
where o.next_review_date is not null
  and o.next_review_date < trunc(sysdate)
  and upper(os.code) not in ('CLOSED_WON', 'CLOSED_LOST')
union all
select
    'ACTIVITY' as workload_type,
    'ACTIVITY' as entity_type,
    a.activity_id as entity_id,
    ru.branch_id,
    b.name as branch_name,
    coalesce(a.assigned_user_id, a.owner_user_id) as responsible_user_id,
    ru.username as responsible_username,
    nvl(a.subject, at.code || ' #' || to_char(a.activity_id)) as reference_label,
    a.due_on,
    trunc(sysdate) - trunc(a.due_on) as overdue_days,
    ast.code as status_code,
    cast(null as number) as amount_at_risk
from crm_activities a
join crm_activity_types at
    on at.activity_type_id = a.activity_type_id
join crm_activity_statuses ast
    on ast.activity_status_id = a.activity_status_id
join crm_users ru
    on ru.user_id = coalesce(a.assigned_user_id, a.owner_user_id)
left join crm_branches b
    on b.branch_id = ru.branch_id
where a.due_on is not null
  and a.due_on < trunc(sysdate)
  and upper(ast.code) not in ('COMPLETED', 'CANCELED')
union all
select
    'QUOTE_EXPIRY' as workload_type,
    'QUOTE' as entity_type,
    q.quote_id as entity_id,
    a.branch_id,
    b.name as branch_name,
    q.user_owner_id as responsible_user_id,
    u.username as responsible_username,
    q.quote_no || ' v' || to_char(q.version_no) as reference_label,
    q.expiry_date as due_on,
    trunc(sysdate) - trunc(q.expiry_date) as overdue_days,
    qs.code as status_code,
    q.total_amt as amount_at_risk
from crm_quotes q
join crm_quote_statuses qs
    on qs.quote_status_id = q.quote_status_id
join crm_users u
    on u.user_id = q.user_owner_id
left join crm_accounts a
    on a.account_id = q.account_id
left join crm_branches b
    on b.branch_id = a.branch_id
where q.expiry_date is not null
  and q.expiry_date < trunc(sysdate)
  and q.accepted_date is null
  and q.rejected_date is null
  and upper(qs.code) not in ('ACCEPTED', 'REJECTED')
union all
select
    'APPROVAL' as workload_type,
    'APPROVAL' as entity_type,
    oq.approval_action_id as entity_id,
    oq.branch_id,
    oq.branch_name,
    oq.actor_user_id as responsible_user_id,
    oq.actor_username as responsible_username,
    oq.entity_type || ' approval ' || coalesce(to_char(oq.order_id), to_char(oq.quote_id)) as reference_label,
    oq.response_due_on as due_on,
    trunc(sysdate) - trunc(oq.response_due_on) as overdue_days,
    oq.approval_status_code as status_code,
    oq.transaction_amt as amount_at_risk
from crm_vw_order_approval_queue oq
where oq.is_overdue_flag = 'Y'
union all
select
    'ORDER_DELIVERY' as workload_type,
    'ORDER' as entity_type,
    o.order_id as entity_id,
    c.branch_id,
    b.name as branch_name,
    o.user_sales_id as responsible_user_id,
    u.username as responsible_username,
    'ORDER #' || to_char(o.order_id) as reference_label,
    o.delivery_date as due_on,
    trunc(sysdate) - trunc(o.delivery_date) as overdue_days,
    os.code as status_code,
    o.total_amt as amount_at_risk
from crm_orders o
join crm_order_statuses os
    on os.order_status_id = o.order_status_id
join crm_customers c
    on c.customer_id = o.customer_id
join crm_users u
    on u.user_id = o.user_sales_id
left join crm_branches b
    on b.branch_id = c.branch_id
where o.delivery_date is not null
  and o.delivery_date < trunc(sysdate)
  and upper(os.code) not in ('DELIVERED', 'CANCELED')
union all
select
    'PAYMENT_FOLLOW_UP' as workload_type,
    'INVOICE' as entity_type,
    i.invoice_id as entity_id,
    c.branch_id,
    b.name as branch_name,
    o.user_sales_id as responsible_user_id,
    u.username as responsible_username,
    i.invoice_no as reference_label,
    i.due_date as due_on,
    trunc(sysdate) - trunc(i.due_date) as overdue_days,
    ist.code as status_code,
    i.outstanding_amt as amount_at_risk
from crm_invoices i
join crm_invoice_statuses ist
    on ist.invoice_status_id = i.invoice_status_id
join crm_orders o
    on o.order_id = i.order_id
join crm_customers c
    on c.customer_id = o.customer_id
join crm_users u
    on u.user_id = o.user_sales_id
left join crm_branches b
    on b.branch_id = c.branch_id
where i.due_date is not null
  and i.due_date < trunc(sysdate)
  and nvl(i.outstanding_amt, 0) > 0
  and upper(ist.code) not in ('PAID', 'CANCELED');

create or replace view crm_vw_customer_timeline as
with activity_customer_map as (
    select ar.activity_id, ar.related_entity_id as customer_id
    from crm_activity_relations ar
    where ar.related_entity_type = 'CUSTOMER'
    union
    select ar.activity_id, q.customer_id
    from crm_activity_relations ar
    join crm_quotes q
        on q.quote_id = ar.related_entity_id
    where ar.related_entity_type = 'QUOTE'
      and q.customer_id is not null
    union
    select ar.activity_id, o.customer_id
    from crm_activity_relations ar
    join crm_orders o
        on o.order_id = ar.related_entity_id
    where ar.related_entity_type = 'ORDER'
    union
    select ar.activity_id, c.customer_id
    from crm_activity_relations ar
    join crm_opportunities o
        on o.opportunity_id = ar.related_entity_id
    join crm_customers c
        on c.account_id = o.account_id
    where ar.related_entity_type = 'OPPORTUNITY'
    union
    select ar.activity_id, c.customer_id
    from crm_activity_relations ar
    join crm_customers c
        on c.account_id = ar.related_entity_id
    where ar.related_entity_type = 'ACCOUNT'
    union
    select ar.activity_id, o.customer_id
    from crm_activity_relations ar
    join crm_invoices i
        on i.invoice_id = ar.related_entity_id
    join crm_orders o
        on o.order_id = i.order_id
    where ar.related_entity_type = 'INVOICE'
    union
    select ar.activity_id, o.customer_id
    from crm_activity_relations ar
    join crm_payments p
        on p.payment_id = ar.related_entity_id
    join crm_invoices i
        on i.invoice_id = p.invoice_id
    join crm_orders o
        on o.order_id = i.order_id
    where ar.related_entity_type = 'PAYMENT'
)
select
    c.customer_id,
    c.name as customer_name,
    c.branch_id,
    b.name as branch_name,
    c.created_on as event_on,
    'CUSTOMER' as timeline_type,
    'CREATED' as timeline_subtype,
    'CUSTOMER' as entity_type,
    c.customer_id as entity_id,
    cs.code as status_code,
    c.name as summary_text,
    'Customer record created.' as detail_text,
    cast(null as number) as amount_value,
    c.user_owner_id as user_id,
    u.username as username
from crm_customers c
left join crm_customer_statuses cs
    on cs.customer_status_id = c.customer_status_id
left join crm_users u
    on u.user_id = c.user_owner_id
left join crm_branches b
    on b.branch_id = c.branch_id
union all
select distinct
    c.customer_id,
    c.name as customer_name,
    c.branch_id,
    b.name as branch_name,
    coalesce(a.completed_on, a.due_on, a.scheduled_start_on, a.created_on) as event_on,
    'ACTIVITY' as timeline_type,
    at.code as timeline_subtype,
    'ACTIVITY' as entity_type,
    a.activity_id as entity_id,
    ast.code as status_code,
    nvl(a.subject, at.description) as summary_text,
    a.detail as detail_text,
    cast(null as number) as amount_value,
    coalesce(a.assigned_user_id, a.owner_user_id) as user_id,
    ru.username as username
from activity_customer_map acm
join crm_activities a
    on a.activity_id = acm.activity_id
join crm_customers c
    on c.customer_id = acm.customer_id
join crm_activity_types at
    on at.activity_type_id = a.activity_type_id
join crm_activity_statuses ast
    on ast.activity_status_id = a.activity_status_id
left join crm_users ru
    on ru.user_id = coalesce(a.assigned_user_id, a.owner_user_id)
left join crm_branches b
    on b.branch_id = c.branch_id
union all
select
    c.customer_id,
    c.name as customer_name,
    c.branch_id,
    b.name as branch_name,
    nvl(o.closed_date, nvl(o.current_stage_date, o.created_on)) as event_on,
    'OPPORTUNITY' as timeline_type,
    os.code as timeline_subtype,
    'OPPORTUNITY' as entity_type,
    o.opportunity_id as entity_id,
    os.code as status_code,
    o.opportunity_name as summary_text,
    o.details as detail_text,
    o.value_amt as amount_value,
    o.user_owner_id as user_id,
    u.username
from crm_customers c
left join crm_branches b
    on b.branch_id = c.branch_id
join crm_opportunities o
    on o.account_id = c.account_id
join crm_opportunity_stages os
    on os.opportunity_stage_id = o.opportunity_stage_id
left join crm_users u
    on u.user_id = o.user_owner_id
union all
select
    c.customer_id,
    c.name as customer_name,
    c.branch_id,
    b.name as branch_name,
    osh.changed_on as event_on,
    'OPPORTUNITY_STAGE' as timeline_type,
    ns.code as timeline_subtype,
    'OPPORTUNITY' as entity_type,
    o.opportunity_id as entity_id,
    ns.code as status_code,
    o.opportunity_name as summary_text,
    'Stage changed from '
        || nvl(os.code, 'START')
        || ' to '
        || ns.code as detail_text,
    o.value_amt as amount_value,
    osh.changed_by_user_id as user_id,
    u.username
from crm_customers c
left join crm_branches b
    on b.branch_id = c.branch_id
join crm_opportunities o
    on o.account_id = c.account_id
join crm_opportunity_stage_history osh
    on osh.opportunity_id = o.opportunity_id
left join crm_opportunity_stages os
    on os.opportunity_stage_id = osh.old_stage_id
join crm_opportunity_stages ns
    on ns.opportunity_stage_id = osh.new_stage_id
left join crm_users u
    on u.user_id = osh.changed_by_user_id
union all
select
    c.customer_id,
    c.name as customer_name,
    c.branch_id,
    b.name as branch_name,
    coalesce(q.accepted_date, q.rejected_date, q.quote_date) as event_on,
    'QUOTE' as timeline_type,
    qs.code as timeline_subtype,
    'QUOTE' as entity_type,
    q.quote_id as entity_id,
    qs.code as status_code,
    q.quote_no || ' v' || to_char(q.version_no) as summary_text,
    coalesce(q.special_notes, q.terms_text) as detail_text,
    q.total_amt as amount_value,
    q.user_owner_id as user_id,
    u.username
from crm_customers c
left join crm_branches b
    on b.branch_id = c.branch_id
join crm_quotes q
    on q.customer_id = c.customer_id
join crm_quote_statuses qs
    on qs.quote_status_id = q.quote_status_id
left join crm_users u
    on u.user_id = q.user_owner_id
union all
select
    c.customer_id,
    c.name as customer_name,
    c.branch_id,
    b.name as branch_name,
    o.order_date as event_on,
    'ORDER' as timeline_type,
    os.code as timeline_subtype,
    'ORDER' as entity_type,
    o.order_id as entity_id,
    os.code as status_code,
    'ORDER #' || to_char(o.order_id) as summary_text,
    case
        when o.approval_required = 'Y' then 'Approval required'
        else 'Approval not required'
    end as detail_text,
    o.total_amt as amount_value,
    o.user_sales_id as user_id,
    u.username
from crm_customers c
left join crm_branches b
    on b.branch_id = c.branch_id
join crm_orders o
    on o.customer_id = c.customer_id
join crm_order_statuses os
    on os.order_status_id = o.order_status_id
left join crm_users u
    on u.user_id = o.user_sales_id
union all
select
    c.customer_id,
    c.name as customer_name,
    c.branch_id,
    b.name as branch_name,
    bk.created_on as event_on,
    'BOOKING' as timeline_type,
    pt.code as timeline_subtype,
    'BOOKING' as entity_type,
    bk.booking_id as entity_id,
    cast(null as varchar2(32)) as status_code,
    'ORDER #' || to_char(o.order_id) || ' LINE ' || to_char(bk.line_no) as summary_text,
    coalesce(p.name, pt.name) as detail_text,
    bk.line_amt as amount_value,
    o.user_sales_id as user_id,
    u.username
from crm_customers c
left join crm_branches b
    on b.branch_id = c.branch_id
join crm_orders o
    on o.customer_id = c.customer_id
join crm_bookings bk
    on bk.order_id = o.order_id
left join crm_product_types pt
    on pt.product_type_id = bk.product_type_id
left join crm_products p
    on p.product_id = bk.product_id
left join crm_users u
    on u.user_id = o.user_sales_id
union all
select
    c.customer_id,
    c.name as customer_name,
    c.branch_id,
    b.name as branch_name,
    i.invoice_date as event_on,
    'INVOICE' as timeline_type,
    ist.code as timeline_subtype,
    'INVOICE' as entity_type,
    i.invoice_id as entity_id,
    ist.code as status_code,
    i.invoice_no as summary_text,
    case
        when i.due_date is not null then 'Due ' || to_char(i.due_date, 'YYYY-MM-DD')
    end as detail_text,
    i.total_amt as amount_value,
    o.user_sales_id as user_id,
    u.username
from crm_customers c
left join crm_branches b
    on b.branch_id = c.branch_id
join crm_orders o
    on o.customer_id = c.customer_id
join crm_invoices i
    on i.order_id = o.order_id
join crm_invoice_statuses ist
    on ist.invoice_status_id = i.invoice_status_id
left join crm_users u
    on u.user_id = o.user_sales_id
union all
select
    c.customer_id,
    c.name as customer_name,
    c.branch_id,
    b.name as branch_name,
    p.pay_date as event_on,
    'PAYMENT' as timeline_type,
    ps.code as timeline_subtype,
    'PAYMENT' as entity_type,
    p.payment_id as entity_id,
    ps.code as status_code,
    nvl(p.reference_no, 'PAYMENT #' || to_char(p.payment_id)) as summary_text,
    pm.code as detail_text,
    p.pay_amt as amount_value,
    o.user_sales_id as user_id,
    u.username
from crm_customers c
left join crm_branches b
    on b.branch_id = c.branch_id
join crm_orders o
    on o.customer_id = c.customer_id
join crm_invoices i
    on i.order_id = o.order_id
join crm_payments p
    on p.invoice_id = i.invoice_id
join crm_payment_modes pm
    on pm.payment_mode_id = p.payment_mode_id
join crm_payment_statuses ps
    on ps.payment_status_id = p.payment_status_id
left join crm_users u
    on u.user_id = o.user_sales_id
union all
select
    c.customer_id,
    c.name as customer_name,
    c.branch_id,
    b.name as branch_name,
    ch.changed_on as event_on,
    'CUSTOMER_CHANGE' as timeline_type,
    ch.field_name as timeline_subtype,
    'CUSTOMER' as entity_type,
    c.customer_id as entity_id,
    cast(null as varchar2(32)) as status_code,
    'CUSTOMER FIELD UPDATED' as summary_text,
    ch.field_name
        || ' changed from '
        || nvl(ch.old_value, '(null)')
        || ' to '
        || nvl(ch.new_value, '(null)') as detail_text,
    cast(null as number) as amount_value,
    ch.changed_by_user_id as user_id,
    u.username
from crm_customers c
left join crm_branches b
    on b.branch_id = c.branch_id
join crm_customer_history ch
    on ch.customer_id = c.customer_id
left join crm_users u
    on u.user_id = ch.changed_by_user_id;
-- END 01_crm_schema_ddl.sql
prompt [2/9] 02_crm_schema_foundation.sql
prompt ------------------------------------------------------------
-- BEGIN 02_crm_schema_foundation.sql
-- Seed segment 1: lookup, reference/master, accounts, contacts, customers.
-- Run order:
--   1) crm_schema_01_foundation.sql
--   2) crm_schema_02_pipeline_quotes_part1.sql
--   3) crm_schema_02_pipeline_quotes_part2.sql
--   4) crm_schema_02_pipeline_quotes_part3.sql
--   5) crm_schema_03_order_to_cash.sql
--   6) crm_schema_04_activities_targets_part1.sql
--   7) crm_schema_04_activities_targets_part2.sql

set define off;

--------------------------------------------------------------------------------
-- Lookup data
--------------------------------------------------------------------------------
insert into crm_lead_types (lead_type_id, code, description) values (1, 'HOT', 'High-priority lead with active buying signals.');
insert into crm_lead_types (lead_type_id, code, description) values (2, 'WARM', 'Qualified lead that requires structured follow-up.');
insert into crm_lead_types (lead_type_id, code, description) values (3, 'COLD', 'Early-stage lead with limited engagement.');
insert into crm_lead_types (lead_type_id, code, description) values (4, 'STRATEGIC', 'Large multi-stakeholder lead with regional impact.');
insert into crm_lead_states (lead_state_id, code, description) values (1, 'NEW', 'Newly captured lead awaiting first touch.');
insert into crm_lead_states (lead_state_id, code, description) values (2, 'IN_PROGRESS', 'Lead is being actively qualified by sales.');
insert into crm_lead_states (lead_state_id, code, description) values (3, 'NURTURING', 'Lead remains in long-cycle follow-up.');
insert into crm_lead_states (lead_state_id, code, description) values (4, 'CONVERTED', 'Lead has been converted to an opportunity.');
insert into crm_lead_states (lead_state_id, code, description) values (5, 'DISQUALIFIED', 'Lead does not qualify for further pursuit.');
insert into crm_lead_sources (lead_source_id, code, description) values (1, 'MARKETING_CAMPAIGN', 'Response sourced from a structured marketing campaign.');
insert into crm_lead_sources (lead_source_id, code, description) values (2, 'PAID_ADVERTISEMENT', 'Paid media, sponsored listing, or advertisement response.');
insert into crm_lead_sources (lead_source_id, code, description) values (3, 'SOCIAL_MEDIA', 'Inbound interest originating from social channels.');
insert into crm_lead_sources (lead_source_id, code, description) values (4, 'DIRECT_WALK_IN', 'In-person walk-in or branch visit inquiry.');
insert into crm_lead_sources (lead_source_id, code, description) values (5, 'WEBSITE_ENQUIRY', 'Website contact or product enquiry form submission.');
insert into crm_lead_sources (lead_source_id, code, description) values (6, 'ONLINE_ENQUIRY', 'Online marketplace or digital enquiry.');
insert into crm_lead_sources (lead_source_id, code, description) values (7, 'OUTBOUND_SALES', 'Outbound prospecting created by the sales team.');
insert into crm_lead_sources (lead_source_id, code, description) values (8, 'EVENT', 'Lead captured from an event, trade show, or field marketing program.');
insert into crm_lead_sources (lead_source_id, code, description) values (9, 'PARTNER_REFERRAL', 'Lead referred through a partner, reseller, or alliance contact.');
insert into crm_lead_sources (lead_source_id, code, description) values (10, 'ANALYST_REFERRAL', 'Lead influenced or referred by an industry analyst or advisor.');
insert into crm_lead_disqualification_reasons (lead_disqual_reason_id, code, description) values (1, 'NO_BUDGET', 'Prospect does not have approved funding.');
insert into crm_lead_disqualification_reasons (lead_disqual_reason_id, code, description) values (2, 'NO_TIMELINE', 'Prospect has no actionable timeline.');
insert into crm_lead_disqualification_reasons (lead_disqual_reason_id, code, description) values (3, 'NO_FIT', 'Use case does not align to the offered solution.');
insert into crm_lead_disqualification_reasons (lead_disqual_reason_id, code, description) values (4, 'COMPETITOR_SELECTED', 'Prospect chose a competing platform.');
insert into crm_lead_disqualification_reasons (lead_disqual_reason_id, code, description) values (5, 'BAD_DATA', 'Lead record is incomplete or invalid.');
insert into crm_opportunity_stages (opportunity_stage_id, code, description, seq_no) values (1, 'PROSPECTING', 'Account and buying team discovery is underway.', 1);
insert into crm_opportunity_stages (opportunity_stage_id, code, description, seq_no) values (2, 'DISCOVERY', 'Business pain points and fit are being validated.', 2);
insert into crm_opportunity_stages (opportunity_stage_id, code, description, seq_no) values (3, 'EVALUATION', 'Solution evaluation and scope alignment are in progress.', 3);
insert into crm_opportunity_stages (opportunity_stage_id, code, description, seq_no) values (4, 'PROPOSAL', 'Commercial proposal or quote has been shared.', 4);
insert into crm_opportunity_stages (opportunity_stage_id, code, description, seq_no) values (5, 'NEGOTIATION', 'Commercial and legal negotiation is active.', 5);
insert into crm_opportunity_stages (opportunity_stage_id, code, description, seq_no) values (6, 'VERBAL_COMMIT', 'Customer has signaled intent to proceed.', 6);
insert into crm_opportunity_stages (opportunity_stage_id, code, description, seq_no) values (7, 'CLOSED_WON', 'Opportunity has been won and booked.', 7);
insert into crm_opportunity_stages (opportunity_stage_id, code, description, seq_no) values (8, 'CLOSED_LOST', 'Opportunity was lost or deferred out of cycle.', 8);
insert into crm_opportunity_categories (opportunity_category_id, code, description) values (1, 'LOW', 'Opportunity value below 50K.');
insert into crm_opportunity_categories (opportunity_category_id, code, description) values (2, 'MEDIUM', 'Opportunity value between 50K and 100K.');
insert into crm_opportunity_categories (opportunity_category_id, code, description) values (3, 'HIGH', 'Opportunity value between 100K and 180K.');
insert into crm_opportunity_categories (opportunity_category_id, code, description) values (4, 'STRATEGIC', 'Opportunity value above 180K or of strategic importance.');
insert into crm_opportunity_close_reasons (opportunity_close_reason_id, code, description, outcome_type) values (1, 'VALUE_CONFIRMED', 'Customer selected the solution after validating value.', 'WON');
insert into crm_opportunity_close_reasons (opportunity_close_reason_id, code, description, outcome_type) values (2, 'EXECUTIVE_APPROVAL', 'Executive approval and business case were secured.', 'WON');
insert into crm_opportunity_close_reasons (opportunity_close_reason_id, code, description, outcome_type) values (3, 'IMPLEMENTATION_PARTNER', 'Implementation and adoption plan accelerated the win.', 'WON');
insert into crm_opportunity_close_reasons (opportunity_close_reason_id, code, description, outcome_type) values (4, 'COMPETITOR_SELECTED', 'Customer selected a competing platform.', 'LOST');
insert into crm_opportunity_close_reasons (opportunity_close_reason_id, code, description, outcome_type) values (5, 'NO_BUDGET', 'Budget was removed or never approved.', 'LOST');
insert into crm_opportunity_close_reasons (opportunity_close_reason_id, code, description, outcome_type) values (6, 'TIMING_DELAY', 'Decision was delayed beyond the planning window.', 'LOST');
insert into crm_opportunity_close_reasons (opportunity_close_reason_id, code, description, outcome_type) values (7, 'SCOPE_MISMATCH', 'Functional requirements exceeded the target offer.', 'LOST');
insert into crm_quote_statuses (quote_status_id, code, description, seq_no) values (1, 'DRAFT', 'Quote is being prepared internally.', 1);
insert into crm_quote_statuses (quote_status_id, code, description, seq_no) values (2, 'SENT', 'Quote has been shared with the customer.', 2);
insert into crm_quote_statuses (quote_status_id, code, description, seq_no) values (3, 'ACCEPTED', 'Quote has been accepted by the customer.', 3);
insert into crm_quote_statuses (quote_status_id, code, description, seq_no) values (4, 'REJECTED', 'Quote was declined or superseded.', 4);
insert into crm_quote_statuses (quote_status_id, code, description, seq_no) values (5, 'EXPIRED', 'Quote expired before customer acceptance.', 5);
insert into crm_customer_statuses (customer_status_id, code, description) values (1, 'ONBOARDING', 'Customer is in implementation or onboarding.');
insert into crm_customer_statuses (customer_status_id, code, description) values (2, 'ACTIVE', 'Customer relationship is active and healthy.');
insert into crm_customer_statuses (customer_status_id, code, description) values (3, 'AT_RISK', 'Customer relationship requires intervention.');
insert into crm_customer_statuses (customer_status_id, code, description) values (4, 'INACTIVE', 'Customer has no active recurring engagement.');
insert into crm_customer_priorities (customer_priority_id, code, description) values (1, 'STRATEGIC', 'Regional strategic customer with executive visibility.');
insert into crm_customer_priorities (customer_priority_id, code, description) values (2, 'HIGH', 'High-touch customer with significant revenue potential.');
insert into crm_customer_priorities (customer_priority_id, code, description) values (3, 'MEDIUM', 'Standard commercial priority.');
insert into crm_customer_priorities (customer_priority_id, code, description) values (4, 'LOW', 'Low-touch customer with smaller footprint.');
insert into crm_account_relationship_statuses (account_relationship_status_id, code, description) values (1, 'PROSPECT', 'Account is active in pipeline but not yet a customer.');
insert into crm_account_relationship_statuses (account_relationship_status_id, code, description) values (2, 'ACTIVE_CUSTOMER', 'Account has an active or onboarding customer relationship.');
insert into crm_account_relationship_statuses (account_relationship_status_id, code, description) values (3, 'AT_RISK_CUSTOMER', 'Account is a customer with elevated retention risk.');
insert into crm_account_relationship_statuses (account_relationship_status_id, code, description) values (4, 'INACTIVE_CUSTOMER', 'Account is a customer with no active commercial motion.');
insert into crm_activity_types (activity_type_id, code, description, seq_no) values (1, 'CALL', 'Phone or voice call with customer or prospect.', 1);
insert into crm_activity_types (activity_type_id, code, description, seq_no) values (2, 'MEETING', 'Scheduled meeting, workshop, or review session.', 2);
insert into crm_activity_types (activity_type_id, code, description, seq_no) values (3, 'EMAIL', 'Email communication or follow-up.', 3);
insert into crm_activity_types (activity_type_id, code, description, seq_no) values (4, 'TASK', 'Internal or external follow-up task.', 4);
insert into crm_activity_types (activity_type_id, code, description, seq_no) values (5, 'NOTE', 'Ad hoc note or internal commentary.', 5);
insert into crm_activity_types (activity_type_id, code, description, seq_no) values (6, 'FEEDBACK', 'Customer or stakeholder feedback capture.', 6);
insert into crm_activity_statuses (activity_status_id, code, description, seq_no) values (1, 'PLANNED', 'Activity is scheduled and open.', 1);
insert into crm_activity_statuses (activity_status_id, code, description, seq_no) values (2, 'COMPLETED', 'Activity was completed successfully.', 2);
insert into crm_activity_statuses (activity_status_id, code, description, seq_no) values (3, 'CANCELED', 'Activity was canceled before completion.', 3);
insert into crm_activity_statuses (activity_status_id, code, description, seq_no) values (4, 'OVERDUE', 'Activity due date passed without completion.', 4);
insert into crm_activity_outcomes (activity_outcome_id, code, description) values (1, 'CONNECTED', 'Stakeholder was reached and engaged.');
insert into crm_activity_outcomes (activity_outcome_id, code, description) values (2, 'LEFT_VOICEMAIL', 'Voice message was left for follow-up.');
insert into crm_activity_outcomes (activity_outcome_id, code, description) values (3, 'FOLLOW_UP_REQUIRED', 'Further follow-up was committed.');
insert into crm_activity_outcomes (activity_outcome_id, code, description) values (4, 'POSITIVE_RESPONSE', 'Customer response was positive.');
insert into crm_activity_outcomes (activity_outcome_id, code, description) values (5, 'NEGATIVE_RESPONSE', 'Customer response was negative.');
insert into crm_activity_outcomes (activity_outcome_id, code, description) values (6, 'DECISION_PENDING', 'Customer deferred the decision to a later checkpoint.');
insert into crm_contact_roles (contact_role_id, code, description) values (1, 'DECISION_MAKER', 'Executive or business decision maker.');
insert into crm_contact_roles (contact_role_id, code, description) values (2, 'CHAMPION', 'Internal advocate driving the evaluation.');
insert into crm_contact_roles (contact_role_id, code, description) values (3, 'TECHNICAL_EVALUATOR', 'Technical reviewer or systems architect.');
insert into crm_contact_roles (contact_role_id, code, description) values (4, 'PROCUREMENT', 'Commercial or procurement stakeholder.');
insert into crm_contact_roles (contact_role_id, code, description) values (5, 'BILLING_CONTACT', 'Finance or billing contact for invoicing.');
insert into crm_contact_roles (contact_role_id, code, description) values (6, 'OPERATIONS_CONTACT', 'Operations contact for delivery and adoption.');
insert into crm_contact_roles (contact_role_id, code, description) values (7, 'INFLUENCER', 'Influences evaluation, adoption, or internal consensus.');
insert into crm_contact_channels (contact_channel_id, code, description) values (1, 'EMAIL', 'Email outreach and follow-up communication.');
insert into crm_contact_channels (contact_channel_id, code, description) values (2, 'PHONE', 'Voice call or direct phone outreach.');
insert into crm_contact_channels (contact_channel_id, code, description) values (3, 'SMS', 'Short text updates for time-sensitive follow-up.');
insert into crm_contact_channels (contact_channel_id, code, description) values (4, 'WHATSAPP', 'Messaging via WhatsApp for mobile-first contacts.');
insert into crm_contact_channels (contact_channel_id, code, description) values (5, 'VIDEO_CONFERENCE', 'Scheduled virtual meetings and reviews.');
insert into crm_contact_channels (contact_channel_id, code, description) values (6, 'CUSTOMER_PORTAL', 'Portal notifications and secure billing or support follow-up.');
insert into crm_approval_statuses (approval_status_id, code, description, seq_no) values (1, 'REQUESTED', 'Approval has been requested and is pending review.', 1);
insert into crm_approval_statuses (approval_status_id, code, description, seq_no) values (2, 'APPROVED', 'Approval request was approved.', 2);
insert into crm_approval_statuses (approval_status_id, code, description, seq_no) values (3, 'REJECTED', 'Approval request was rejected.', 3);
insert into crm_approval_statuses (approval_status_id, code, description, seq_no) values (4, 'RETURNED', 'Approval request was returned for rework.', 4);
insert into crm_approval_statuses (approval_status_id, code, description, seq_no) values (5, 'ESCALATED', 'Approval request was escalated to a higher authority.', 5);
insert into crm_payment_modes (payment_mode_id, code, description) values (1, 'ACH', 'Automated Clearing House transfer.');
insert into crm_payment_modes (payment_mode_id, code, description) values (2, 'WIRE_TRANSFER', 'Domestic or international bank wire.');
insert into crm_payment_modes (payment_mode_id, code, description) values (3, 'CREDIT_CARD', 'Credit card settlement.');
insert into crm_payment_modes (payment_mode_id, code, description) values (4, 'CHECK', 'Physical check.');
insert into crm_payment_modes (payment_mode_id, code, description) values (5, 'EFT', 'Electronic funds transfer commonly used in Canada.');
insert into crm_payment_statuses (payment_status_id, code, description) values (1, 'PENDING', 'Payment is initiated but not yet settled.');
insert into crm_payment_statuses (payment_status_id, code, description) values (2, 'PAID', 'Payment settled successfully.');
insert into crm_payment_statuses (payment_status_id, code, description) values (3, 'FAILED', 'Payment failed during processing.');
insert into crm_payment_statuses (payment_status_id, code, description) values (4, 'REVERSED', 'Payment was reversed or disputed.');
insert into crm_order_statuses (order_status_id, code, description, seq_no) values (1, 'DRAFT', 'Order is being prepared internally.', 1);
insert into crm_order_statuses (order_status_id, code, description, seq_no) values (2, 'PENDING_APPROVAL', 'Order requires approval before confirmation.', 2);
insert into crm_order_statuses (order_status_id, code, description, seq_no) values (3, 'CONFIRMED', 'Order is confirmed and scheduled for delivery.', 3);
insert into crm_order_statuses (order_status_id, code, description, seq_no) values (4, 'DELIVERED', 'Order has been delivered or fully booked.', 4);
insert into crm_order_statuses (order_status_id, code, description, seq_no) values (5, 'CANCELED', 'Order was canceled before completion.', 5);
insert into crm_invoice_statuses (invoice_status_id, code, description, seq_no) values (1, 'DRAFT', 'Invoice is prepared but not yet issued.', 1);
insert into crm_invoice_statuses (invoice_status_id, code, description, seq_no) values (2, 'ISSUED', 'Invoice has been issued and awaits payment.', 2);
insert into crm_invoice_statuses (invoice_status_id, code, description, seq_no) values (3, 'PARTIALLY_PAID', 'Invoice has been partially paid.', 3);
insert into crm_invoice_statuses (invoice_status_id, code, description, seq_no) values (4, 'PAID', 'Invoice is fully settled.', 4);
insert into crm_invoice_statuses (invoice_status_id, code, description, seq_no) values (5, 'OVERDUE', 'Invoice due date has passed with balance outstanding.', 5);
insert into crm_invoice_statuses (invoice_status_id, code, description, seq_no) values (6, 'CANCELED', 'Invoice was canceled or voided.', 6);
insert into crm_forecast_categories (forecast_category_id, code, description, seq_no) values (1, 'PIPELINE', 'All open pipeline value.', 1);
insert into crm_forecast_categories (forecast_category_id, code, description, seq_no) values (2, 'BEST_CASE', 'Most optimistic forecast within the planning window.', 2);
insert into crm_forecast_categories (forecast_category_id, code, description, seq_no) values (3, 'COMMIT', 'Manager-committed forecast.', 3);
insert into crm_forecast_categories (forecast_category_id, code, description, seq_no) values (4, 'CLOSED', 'Closed business already booked in period.', 4);
insert into crm_order_sources (order_source_id, code, description) values (1, 'QUOTE', 'Order converted from an accepted quote.');
insert into crm_order_sources (order_source_id, code, description) values (2, 'DIRECT_ENTRY', 'Order created directly by sales or operations.');
insert into crm_order_sources (order_source_id, code, description) values (3, 'REPEAT_ORDER', 'Order generated from repeat business.');
insert into crm_order_sources (order_source_id, code, description) values (4, 'RENEWAL', 'Order generated from renewal motion.');

--------------------------------------------------------------------------------
-- Reference and master data
--------------------------------------------------------------------------------
insert into crm_regions (region_id, code, name) values (1, 'NA', 'North America');

insert into crm_branches (branch_id, code, name, city, state, region_id) values (1, 'NA-NYC', 'New York Enterprise Hub', 'New York', 'New York', 1);
insert into crm_branches (branch_id, code, name, city, state, region_id) values (2, 'NA-CHI', 'Chicago Central Office', 'Chicago', 'Illinois', 1);
insert into crm_branches (branch_id, code, name, city, state, region_id) values (3, 'NA-DAL', 'Dallas Growth Center', 'Dallas', 'Texas', 1);
insert into crm_branches (branch_id, code, name, city, state, region_id) values (4, 'NA-SFO', 'San Francisco West Coast Office', 'San Francisco', 'California', 1);
insert into crm_branches (branch_id, code, name, city, state, region_id) values (5, 'NA-TOR', 'Toronto Canada Office', 'Toronto', 'Ontario', 1);
insert into crm_branches (branch_id, code, name, city, state, region_id) values (6, 'NA-VAN', 'Vancouver Pacific Office', 'Vancouver', 'British Columbia', 1);
insert into crm_branches (branch_id, code, name, city, state, region_id) values (7, 'NA-MEX', 'Mexico City Commercial Office', 'Mexico City', 'Ciudad de Mexico', 1);

insert into crm_roles (role_id, code, name) values (1, 'CRM_ADMIN', 'CRM Administrator');
insert into crm_roles (role_id, code, name) values (2, 'REGIONAL_VP', 'Regional Vice President');
insert into crm_roles (role_id, code, name) values (3, 'BRANCH_MANAGER', 'Branch Manager');
insert into crm_roles (role_id, code, name) values (4, 'SALES_REP', 'Sales Representative');
insert into crm_roles (role_id, code, name) values (5, 'FINANCE_ANALYST', 'Finance Analyst');
insert into crm_roles (role_id, code, name) values (6, 'FINANCE_MANAGER', 'Finance Manager');
insert into crm_roles (role_id, code, name) values (7, 'OPERATIONS_COORDINATOR', 'Operations Coordinator');
insert into crm_roles (role_id, code, name) values (8, 'OPERATIONS_MANAGER', 'Operations Manager');
insert into crm_roles (role_id, code, name) values (9, 'CUSTOMER_SUCCESS_MANAGER', 'Customer Success Manager');

insert into crm_users (user_id, username, email, phone, role_id, region_id, branch_id, supervisor_user_id) values (1, 'crm.admin.na', 'crm.admin.na@apexcrm.example', '+1-212-555-0100', 1, 1, null, null);
insert into crm_users (user_id, username, email, phone, role_id, region_id, branch_id, supervisor_user_id) values (2, 'na.regional.vp', 'na.regional.vp@apexcrm.example', '+1-212-555-0101', 2, 1, null, 1);
insert into crm_users (user_id, username, email, phone, role_id, region_id, branch_id, supervisor_user_id) values (3, 'na.finance.director', 'na.finance.director@apexcrm.example', '+1-212-555-0102', 6, 1, null, 1);
insert into crm_users (user_id, username, email, phone, role_id, region_id, branch_id, supervisor_user_id) values (4, 'na.operations.director', 'na.operations.director@apexcrm.example', '+1-212-555-0103', 8, 1, null, 1);
insert into crm_users (user_id, username, email, phone, role_id, region_id, branch_id, supervisor_user_id) values (5, 'na.customer.success', 'na.customer.success@apexcrm.example', '+1-212-555-0104', 9, 1, null, 2);
insert into crm_users (user_id, username, email, phone, role_id, region_id, branch_id, supervisor_user_id) values (101, 'nyc.branch.manager', 'nyc.branch.manager@apexcrm.example', '+1-800-555-0101', 3, 1, 1, 2);
insert into crm_users (user_id, username, email, phone, role_id, region_id, branch_id, supervisor_user_id) values (201, 'nyc.sales.1', 'nyc.sales.1@apexcrm.example', '+1-800-556-0201', 4, 1, 1, 101);
insert into crm_users (user_id, username, email, phone, role_id, region_id, branch_id, supervisor_user_id) values (202, 'nyc.sales.2', 'nyc.sales.2@apexcrm.example', '+1-800-556-0202', 4, 1, 1, 101);
insert into crm_users (user_id, username, email, phone, role_id, region_id, branch_id, supervisor_user_id) values (203, 'nyc.sales.3', 'nyc.sales.3@apexcrm.example', '+1-800-556-0203', 4, 1, 1, 101);
insert into crm_users (user_id, username, email, phone, role_id, region_id, branch_id, supervisor_user_id) values (204, 'nyc.sales.4', 'nyc.sales.4@apexcrm.example', '+1-800-556-0204', 4, 1, 1, 101);
insert into crm_users (user_id, username, email, phone, role_id, region_id, branch_id, supervisor_user_id) values (205, 'nyc.sales.5', 'nyc.sales.5@apexcrm.example', '+1-800-556-0205', 4, 1, 1, 101);
insert into crm_users (user_id, username, email, phone, role_id, region_id, branch_id, supervisor_user_id) values (301, 'nyc.finance', 'nyc.finance@apexcrm.example', '+1-800-557-0301', 5, 1, 1, 3);
insert into crm_users (user_id, username, email, phone, role_id, region_id, branch_id, supervisor_user_id) values (401, 'nyc.operations', 'nyc.operations@apexcrm.example', '+1-800-558-0401', 7, 1, 1, 4);
insert into crm_users (user_id, username, email, phone, role_id, region_id, branch_id, supervisor_user_id) values (102, 'chi.branch.manager', 'chi.branch.manager@apexcrm.example', '+1-800-555-0102', 3, 1, 2, 2);
insert into crm_users (user_id, username, email, phone, role_id, region_id, branch_id, supervisor_user_id) values (206, 'chi.sales.1', 'chi.sales.1@apexcrm.example', '+1-800-556-0206', 4, 1, 2, 102);
insert into crm_users (user_id, username, email, phone, role_id, region_id, branch_id, supervisor_user_id) values (207, 'chi.sales.2', 'chi.sales.2@apexcrm.example', '+1-800-556-0207', 4, 1, 2, 102);
insert into crm_users (user_id, username, email, phone, role_id, region_id, branch_id, supervisor_user_id) values (208, 'chi.sales.3', 'chi.sales.3@apexcrm.example', '+1-800-556-0208', 4, 1, 2, 102);
insert into crm_users (user_id, username, email, phone, role_id, region_id, branch_id, supervisor_user_id) values (209, 'chi.sales.4', 'chi.sales.4@apexcrm.example', '+1-800-556-0209', 4, 1, 2, 102);
insert into crm_users (user_id, username, email, phone, role_id, region_id, branch_id, supervisor_user_id) values (210, 'chi.sales.5', 'chi.sales.5@apexcrm.example', '+1-800-556-0210', 4, 1, 2, 102);
insert into crm_users (user_id, username, email, phone, role_id, region_id, branch_id, supervisor_user_id) values (302, 'chi.finance', 'chi.finance@apexcrm.example', '+1-800-557-0302', 5, 1, 2, 3);
insert into crm_users (user_id, username, email, phone, role_id, region_id, branch_id, supervisor_user_id) values (402, 'chi.operations', 'chi.operations@apexcrm.example', '+1-800-558-0402', 7, 1, 2, 4);
insert into crm_users (user_id, username, email, phone, role_id, region_id, branch_id, supervisor_user_id) values (103, 'dal.branch.manager', 'dal.branch.manager@apexcrm.example', '+1-800-555-0103', 3, 1, 3, 2);
insert into crm_users (user_id, username, email, phone, role_id, region_id, branch_id, supervisor_user_id) values (211, 'dal.sales.1', 'dal.sales.1@apexcrm.example', '+1-800-556-0211', 4, 1, 3, 103);
insert into crm_users (user_id, username, email, phone, role_id, region_id, branch_id, supervisor_user_id) values (212, 'dal.sales.2', 'dal.sales.2@apexcrm.example', '+1-800-556-0212', 4, 1, 3, 103);
insert into crm_users (user_id, username, email, phone, role_id, region_id, branch_id, supervisor_user_id) values (213, 'dal.sales.3', 'dal.sales.3@apexcrm.example', '+1-800-556-0213', 4, 1, 3, 103);
insert into crm_users (user_id, username, email, phone, role_id, region_id, branch_id, supervisor_user_id) values (214, 'dal.sales.4', 'dal.sales.4@apexcrm.example', '+1-800-556-0214', 4, 1, 3, 103);
insert into crm_users (user_id, username, email, phone, role_id, region_id, branch_id, supervisor_user_id) values (215, 'dal.sales.5', 'dal.sales.5@apexcrm.example', '+1-800-556-0215', 4, 1, 3, 103);
insert into crm_users (user_id, username, email, phone, role_id, region_id, branch_id, supervisor_user_id) values (303, 'dal.finance', 'dal.finance@apexcrm.example', '+1-800-557-0303', 5, 1, 3, 3);
insert into crm_users (user_id, username, email, phone, role_id, region_id, branch_id, supervisor_user_id) values (403, 'dal.operations', 'dal.operations@apexcrm.example', '+1-800-558-0403', 7, 1, 3, 4);
insert into crm_users (user_id, username, email, phone, role_id, region_id, branch_id, supervisor_user_id) values (104, 'sfo.branch.manager', 'sfo.branch.manager@apexcrm.example', '+1-800-555-0104', 3, 1, 4, 2);
insert into crm_users (user_id, username, email, phone, role_id, region_id, branch_id, supervisor_user_id) values (216, 'sfo.sales.1', 'sfo.sales.1@apexcrm.example', '+1-800-556-0216', 4, 1, 4, 104);
insert into crm_users (user_id, username, email, phone, role_id, region_id, branch_id, supervisor_user_id) values (217, 'sfo.sales.2', 'sfo.sales.2@apexcrm.example', '+1-800-556-0217', 4, 1, 4, 104);
insert into crm_users (user_id, username, email, phone, role_id, region_id, branch_id, supervisor_user_id) values (218, 'sfo.sales.3', 'sfo.sales.3@apexcrm.example', '+1-800-556-0218', 4, 1, 4, 104);
insert into crm_users (user_id, username, email, phone, role_id, region_id, branch_id, supervisor_user_id) values (219, 'sfo.sales.4', 'sfo.sales.4@apexcrm.example', '+1-800-556-0219', 4, 1, 4, 104);
insert into crm_users (user_id, username, email, phone, role_id, region_id, branch_id, supervisor_user_id) values (220, 'sfo.sales.5', 'sfo.sales.5@apexcrm.example', '+1-800-556-0220', 4, 1, 4, 104);
insert into crm_users (user_id, username, email, phone, role_id, region_id, branch_id, supervisor_user_id) values (304, 'sfo.finance', 'sfo.finance@apexcrm.example', '+1-800-557-0304', 5, 1, 4, 3);
insert into crm_users (user_id, username, email, phone, role_id, region_id, branch_id, supervisor_user_id) values (404, 'sfo.operations', 'sfo.operations@apexcrm.example', '+1-800-558-0404', 7, 1, 4, 4);
insert into crm_users (user_id, username, email, phone, role_id, region_id, branch_id, supervisor_user_id) values (105, 'tor.branch.manager', 'tor.branch.manager@apexcrm.example', '+1-800-555-0105', 3, 1, 5, 2);
insert into crm_users (user_id, username, email, phone, role_id, region_id, branch_id, supervisor_user_id) values (221, 'tor.sales.1', 'tor.sales.1@apexcrm.example', '+1-800-556-0221', 4, 1, 5, 105);
insert into crm_users (user_id, username, email, phone, role_id, region_id, branch_id, supervisor_user_id) values (222, 'tor.sales.2', 'tor.sales.2@apexcrm.example', '+1-800-556-0222', 4, 1, 5, 105);
insert into crm_users (user_id, username, email, phone, role_id, region_id, branch_id, supervisor_user_id) values (223, 'tor.sales.3', 'tor.sales.3@apexcrm.example', '+1-800-556-0223', 4, 1, 5, 105);
insert into crm_users (user_id, username, email, phone, role_id, region_id, branch_id, supervisor_user_id) values (224, 'tor.sales.4', 'tor.sales.4@apexcrm.example', '+1-800-556-0224', 4, 1, 5, 105);
insert into crm_users (user_id, username, email, phone, role_id, region_id, branch_id, supervisor_user_id) values (225, 'tor.sales.5', 'tor.sales.5@apexcrm.example', '+1-800-556-0225', 4, 1, 5, 105);
insert into crm_users (user_id, username, email, phone, role_id, region_id, branch_id, supervisor_user_id) values (305, 'tor.finance', 'tor.finance@apexcrm.example', '+1-800-557-0305', 5, 1, 5, 3);
insert into crm_users (user_id, username, email, phone, role_id, region_id, branch_id, supervisor_user_id) values (405, 'tor.operations', 'tor.operations@apexcrm.example', '+1-800-558-0405', 7, 1, 5, 4);
insert into crm_users (user_id, username, email, phone, role_id, region_id, branch_id, supervisor_user_id) values (106, 'van.branch.manager', 'van.branch.manager@apexcrm.example', '+1-800-555-0106', 3, 1, 6, 2);
insert into crm_users (user_id, username, email, phone, role_id, region_id, branch_id, supervisor_user_id) values (226, 'van.sales.1', 'van.sales.1@apexcrm.example', '+1-800-556-0226', 4, 1, 6, 106);
insert into crm_users (user_id, username, email, phone, role_id, region_id, branch_id, supervisor_user_id) values (227, 'van.sales.2', 'van.sales.2@apexcrm.example', '+1-800-556-0227', 4, 1, 6, 106);
insert into crm_users (user_id, username, email, phone, role_id, region_id, branch_id, supervisor_user_id) values (228, 'van.sales.3', 'van.sales.3@apexcrm.example', '+1-800-556-0228', 4, 1, 6, 106);
insert into crm_users (user_id, username, email, phone, role_id, region_id, branch_id, supervisor_user_id) values (229, 'van.sales.4', 'van.sales.4@apexcrm.example', '+1-800-556-0229', 4, 1, 6, 106);
insert into crm_users (user_id, username, email, phone, role_id, region_id, branch_id, supervisor_user_id) values (230, 'van.sales.5', 'van.sales.5@apexcrm.example', '+1-800-556-0230', 4, 1, 6, 106);
insert into crm_users (user_id, username, email, phone, role_id, region_id, branch_id, supervisor_user_id) values (306, 'van.finance', 'van.finance@apexcrm.example', '+1-800-557-0306', 5, 1, 6, 3);
insert into crm_users (user_id, username, email, phone, role_id, region_id, branch_id, supervisor_user_id) values (406, 'van.operations', 'van.operations@apexcrm.example', '+1-800-558-0406', 7, 1, 6, 4);
insert into crm_users (user_id, username, email, phone, role_id, region_id, branch_id, supervisor_user_id) values (107, 'mex.branch.manager', 'mex.branch.manager@apexcrm.example', '+1-800-555-0107', 3, 1, 7, 2);
insert into crm_users (user_id, username, email, phone, role_id, region_id, branch_id, supervisor_user_id) values (231, 'mex.sales.1', 'mex.sales.1@apexcrm.example', '+1-800-556-0231', 4, 1, 7, 107);
insert into crm_users (user_id, username, email, phone, role_id, region_id, branch_id, supervisor_user_id) values (232, 'mex.sales.2', 'mex.sales.2@apexcrm.example', '+1-800-556-0232', 4, 1, 7, 107);
insert into crm_users (user_id, username, email, phone, role_id, region_id, branch_id, supervisor_user_id) values (233, 'mex.sales.3', 'mex.sales.3@apexcrm.example', '+1-800-556-0233', 4, 1, 7, 107);
insert into crm_users (user_id, username, email, phone, role_id, region_id, branch_id, supervisor_user_id) values (234, 'mex.sales.4', 'mex.sales.4@apexcrm.example', '+1-800-556-0234', 4, 1, 7, 107);
insert into crm_users (user_id, username, email, phone, role_id, region_id, branch_id, supervisor_user_id) values (235, 'mex.sales.5', 'mex.sales.5@apexcrm.example', '+1-800-556-0235', 4, 1, 7, 107);
insert into crm_users (user_id, username, email, phone, role_id, region_id, branch_id, supervisor_user_id) values (307, 'mex.finance', 'mex.finance@apexcrm.example', '+1-800-557-0307', 5, 1, 7, 3);
insert into crm_users (user_id, username, email, phone, role_id, region_id, branch_id, supervisor_user_id) values (407, 'mex.operations', 'mex.operations@apexcrm.example', '+1-800-558-0407', 7, 1, 7, 4);

insert into crm_industries (industry_id, code, name) values (1, 'MFG', 'Manufacturing');
insert into crm_industries (industry_id, code, name) values (2, 'RET', 'Retail');
insert into crm_industries (industry_id, code, name) values (3, 'HC', 'Healthcare');
insert into crm_industries (industry_id, code, name) values (4, 'TECH', 'Technology');
insert into crm_industries (industry_id, code, name) values (5, 'FIN', 'Financial Services');
insert into crm_industries (industry_id, code, name) values (6, 'LOG', 'Logistics');
insert into crm_industries (industry_id, code, name) values (7, 'EDU', 'Education');
insert into crm_industries (industry_id, code, name) values (8, 'ENG', 'Energy');
insert into crm_industries (industry_id, code, name) values (9, 'TEL', 'Telecommunications');
insert into crm_industries (industry_id, code, name) values (10, 'PUB', 'Public Sector');
insert into crm_industries (industry_id, code, name) values (11, 'FOOD', 'Food and Beverage');
insert into crm_industries (industry_id, code, name) values (12, 'AUTO', 'Automotive');

insert into crm_product_types (product_type_id, code, name) values (1, 'PLATFORM', 'CRM Platform');
insert into crm_product_types (product_type_id, code, name) values (2, 'ANALYTICS', 'Analytics and Intelligence');
insert into crm_product_types (product_type_id, code, name) values (3, 'INTEGRATION', 'Integration and Connectivity');
insert into crm_product_types (product_type_id, code, name) values (4, 'SERVICES', 'Professional Services');
insert into crm_product_types (product_type_id, code, name) values (5, 'SUPPORT', 'Support and Success');
insert into crm_product_types (product_type_id, code, name) values (6, 'TRAINING', 'Training and Enablement');

insert into crm_products (product_id, code, name, product_type_id, description) values (1, 'CRM-ESSENTIALS', 'CRM Essentials', 1, 'Core CRM platform for midsize sales teams.');
insert into crm_products (product_id, code, name, product_type_id, description) values (2, 'CRM-GROWTH', 'CRM Growth', 1, 'Expanded CRM platform with automation and scoring.');
insert into crm_products (product_id, code, name, product_type_id, description) values (3, 'CRM-ENTERPRISE', 'CRM Enterprise', 1, 'Enterprise CRM platform with governance and scale.');
insert into crm_products (product_id, code, name, product_type_id, description) values (4, 'PIPELINE-ANALYTICS', 'Pipeline Analytics', 2, 'Pipeline inspection and revenue analytics.');
insert into crm_products (product_id, code, name, product_type_id, description) values (5, 'REV-INTELLIGENCE', 'Revenue Intelligence', 2, 'Forecast and deal intelligence workspace.');
insert into crm_products (product_id, code, name, product_type_id, description) values (6, 'EXEC-DASHBOARD', 'Executive Dashboard', 2, 'Executive reporting and KPI insights.');
insert into crm_products (product_id, code, name, product_type_id, description) values (7, 'INTEGRATION-HUB', 'Integration Hub', 3, 'Prebuilt integrations for ERP and marketing systems.');
insert into crm_products (product_id, code, name, product_type_id, description) values (8, 'DATA-SYNC', 'Data Sync Connector', 3, 'Operational data synchronization package.');
insert into crm_products (product_id, code, name, product_type_id, description) values (9, 'PARTNER-PORTAL', 'Partner Portal', 3, 'Partner and distributor collaboration workspace.');
insert into crm_products (product_id, code, name, product_type_id, description) values (10, 'IMPLEMENT-SPRINT', 'Implementation Sprint', 4, 'Implementation and rollout sprint.');
insert into crm_products (product_id, code, name, product_type_id, description) values (11, 'DATA-MIGRATION', 'Data Migration Pack', 4, 'Legacy data migration service package.');
insert into crm_products (product_id, code, name, product_type_id, description) values (12, 'PROCESS-DESIGN', 'Process Design Workshop', 4, 'Commercial process mapping and design workshop.');
insert into crm_products (product_id, code, name, product_type_id, description) values (13, 'SUPPORT-GOLD', 'Support Gold', 5, 'Enhanced support package with faster SLA.');
insert into crm_products (product_id, code, name, product_type_id, description) values (14, 'SUPPORT-PLAT', 'Support Platinum', 5, 'Premium support with named technical advisor.');
insert into crm_products (product_id, code, name, product_type_id, description) values (15, 'SUCCESS-RETAINER', 'Success Retainer', 5, 'Recurring customer success advisory retainer.');
insert into crm_products (product_id, code, name, product_type_id, description) values (16, 'ADMIN-BOOTCAMP', 'Admin Training Bootcamp', 6, 'Administrator training and certification.');
insert into crm_products (product_id, code, name, product_type_id, description) values (17, 'SALES-ACADEMY', 'Sales Enablement Academy', 6, 'Sales team enablement and best practices training.');
insert into crm_products (product_id, code, name, product_type_id, description) values (18, 'CS-CERT', 'Customer Success Certification', 6, 'Customer success team certification program.');

insert into crm_approval_rules (approval_rule_id, rule_name, entity_type, branch_id, region_id, min_amount, max_amount, approver_role_id, escalate_role_id, response_due_hours, seq_no) values (1, 'Quote local approval under 75K', 'QUOTE', null, 1, 0, 75000, 3, 6, 24, 1);
insert into crm_approval_rules (approval_rule_id, rule_name, entity_type, branch_id, region_id, min_amount, max_amount, approver_role_id, escalate_role_id, response_due_hours, seq_no) values (2, 'Quote finance approval 75K to 150K', 'QUOTE', null, 1, 75000.01, 150000, 6, 2, 16, 2);
insert into crm_approval_rules (approval_rule_id, rule_name, entity_type, branch_id, region_id, min_amount, max_amount, approver_role_id, escalate_role_id, response_due_hours, seq_no) values (3, 'Quote executive approval above 150K', 'QUOTE', null, 1, 150000.01, null, 2, null, 8, 3);
insert into crm_approval_rules (approval_rule_id, rule_name, entity_type, branch_id, region_id, min_amount, max_amount, approver_role_id, escalate_role_id, response_due_hours, seq_no) values (4, 'Order local approval under 100K', 'ORDER', null, 1, 0, 100000, 3, 6, 24, 1);
insert into crm_approval_rules (approval_rule_id, rule_name, entity_type, branch_id, region_id, min_amount, max_amount, approver_role_id, escalate_role_id, response_due_hours, seq_no) values (5, 'Order finance approval 100K to 250K', 'ORDER', null, 1, 100000.01, 250000, 6, 2, 16, 2);
insert into crm_approval_rules (approval_rule_id, rule_name, entity_type, branch_id, region_id, min_amount, max_amount, approver_role_id, escalate_role_id, response_due_hours, seq_no) values (6, 'Order executive approval above 250K', 'ORDER', null, 1, 250000.01, null, 2, null, 8, 3);
insert into crm_approval_rules (approval_rule_id, rule_name, entity_type, branch_id, region_id, min_amount, max_amount, approver_role_id, escalate_role_id, response_due_hours, seq_no) values (7, 'Mexico quote local approval under 65K', 'QUOTE', 7, null, 0, 65000, 3, 6, 18, 1);
insert into crm_approval_rules (approval_rule_id, rule_name, entity_type, branch_id, region_id, min_amount, max_amount, approver_role_id, escalate_role_id, response_due_hours, seq_no) values (8, 'Mexico order local approval under 85K', 'ORDER', 7, null, 0, 85000, 3, 6, 18, 1);

insert into crm_duplicate_match_rules (match_rule_id, entity_name, rule_name, match_attributes, threshold_pct) values (1, 'ACCOUNT', 'Account name and website exact match', 'NAME,WEBSITE', 95);
insert into crm_duplicate_match_rules (match_rule_id, entity_name, rule_name, match_attributes, threshold_pct) values (2, 'ACCOUNT', 'Account name plus geography fuzzy match', 'NAME,CITY,STATE', 88);
insert into crm_duplicate_match_rules (match_rule_id, entity_name, rule_name, match_attributes, threshold_pct) values (3, 'CONTACT', 'Contact email exact match', 'EMAIL', 100);
insert into crm_duplicate_match_rules (match_rule_id, entity_name, rule_name, match_attributes, threshold_pct) values (4, 'CONTACT', 'Contact identity plus account match', 'NAME,ACCOUNT_ID,PHONE', 86);
insert into crm_duplicate_match_rules (match_rule_id, entity_name, rule_name, match_attributes, threshold_pct) values (5, 'CUSTOMER', 'Customer legal name and billing address', 'NAME,BILLING_ADDRESS', 90);
insert into crm_duplicate_match_rules (match_rule_id, entity_name, rule_name, match_attributes, threshold_pct) values (6, 'CUSTOMER', 'Customer account and website alignment', 'ACCOUNT_ID,WEBSITE', 92);

insert into crm_access_rules (access_rule_id, rule_name, entity_name, role_id, access_scope_code, can_view, can_create, can_update, can_delete, can_approve)
with entity_scope as (
    select 'ACCOUNT' entity_name from dual union all
    select 'CONTACT' from dual union all
    select 'LEAD' from dual union all
    select 'OPPORTUNITY' from dual union all
    select 'CUSTOMER' from dual union all
    select 'QUOTE' from dual union all
    select 'ORDER' from dual union all
    select 'INVOICE' from dual union all
    select 'PAYMENT' from dual union all
    select 'ACTIVITY' from dual union all
    select 'TARGET' from dual union all
    select 'FORECAST' from dual union all
    select 'SETUP' from dual
),
role_matrix as (
    select r.role_id,
           r.code role_code,
           e.entity_name,
           case
               when r.role_id = 1 then 'ALL'
               when r.role_id in (2, 6) then 'REGION'
               when r.role_id in (3, 5, 8) then 'BRANCH'
               when r.role_id in (4, 9) then 'OWNED'
               else 'ASSIGNED'
           end access_scope_code
    from crm_roles r
    join entity_scope e
      on (
           r.role_id = 1
        or (r.role_id in (2, 3) and e.entity_name in ('ACCOUNT', 'CONTACT', 'LEAD', 'OPPORTUNITY', 'CUSTOMER', 'QUOTE', 'ORDER', 'ACTIVITY', 'TARGET', 'FORECAST'))
        or (r.role_id = 4 and e.entity_name in ('ACCOUNT', 'CONTACT', 'LEAD', 'OPPORTUNITY', 'CUSTOMER', 'QUOTE', 'ORDER', 'ACTIVITY'))
        or (r.role_id in (5, 6) and e.entity_name in ('QUOTE', 'ORDER', 'INVOICE', 'PAYMENT', 'ACTIVITY', 'FORECAST'))
        or (r.role_id in (7, 8) and e.entity_name in ('ORDER', 'CUSTOMER', 'INVOICE', 'PAYMENT', 'ACTIVITY', 'FORECAST'))
        or (r.role_id = 9 and e.entity_name in ('ACCOUNT', 'CONTACT', 'CUSTOMER', 'ACTIVITY', 'FORECAST'))
      )
),
permission_matrix as (
    select role_id,
           role_code,
           entity_name,
           access_scope_code,
           'Y' can_view,
           case
               when role_id = 1 then 'Y'
               when role_id in (2, 3) then 'Y'
               when role_id = 4 and entity_name in ('ACCOUNT', 'CONTACT', 'LEAD', 'OPPORTUNITY', 'QUOTE', 'ORDER', 'ACTIVITY') then 'Y'
               when role_id = 5 and entity_name in ('INVOICE', 'PAYMENT', 'ACTIVITY') then 'Y'
               when role_id = 6 and entity_name in ('QUOTE', 'ORDER', 'INVOICE', 'PAYMENT', 'ACTIVITY', 'FORECAST') then 'Y'
               when role_id = 7 and entity_name = 'ACTIVITY' then 'Y'
               when role_id = 8 and entity_name in ('ORDER', 'CUSTOMER', 'INVOICE', 'PAYMENT', 'ACTIVITY', 'FORECAST') then 'Y'
               when role_id = 9 and entity_name in ('ACCOUNT', 'CONTACT', 'CUSTOMER', 'ACTIVITY', 'FORECAST') then 'Y'
               else 'N'
           end can_create,
           case
               when role_id = 1 then 'Y'
               when role_id in (2, 3) then 'Y'
               when role_id = 4 and entity_name in ('ACCOUNT', 'CONTACT', 'LEAD', 'OPPORTUNITY', 'QUOTE', 'ORDER', 'ACTIVITY') then 'Y'
               when role_id in (5, 6) and entity_name in ('QUOTE', 'ORDER', 'INVOICE', 'PAYMENT', 'ACTIVITY', 'FORECAST') then 'Y'
               when role_id in (7, 8) and entity_name in ('ORDER', 'CUSTOMER', 'INVOICE', 'PAYMENT', 'ACTIVITY', 'FORECAST') then 'Y'
               when role_id = 9 and entity_name in ('ACCOUNT', 'CONTACT', 'CUSTOMER', 'ACTIVITY', 'FORECAST') then 'Y'
               else 'N'
           end can_update,
           case
               when role_id = 1 and entity_name <> 'SETUP' then 'Y'
               else 'N'
           end can_delete,
           case
               when role_id = 1 and entity_name in ('QUOTE', 'ORDER') then 'Y'
               when role_id in (2, 3, 6) and entity_name in ('QUOTE', 'ORDER') then 'Y'
               else 'N'
           end can_approve
    from role_matrix
)
select row_number() over(order by role_id, entity_name),
       replace(initcap(lower(replace(role_code, '_', ' '))), 'Crm', 'CRM') || ' ' || initcap(lower(entity_name)) || ' access',
       entity_name,
       role_id,
       access_scope_code,
       can_view,
       can_create,
       can_update,
       can_delete,
       can_approve
from permission_matrix;

--------------------------------------------------------------------------------
-- Accounts, contacts, customers, and customer governance
--------------------------------------------------------------------------------
insert into crm_accounts (account_id, name, industry_id, account_relationship_status_id, website, city, state, branch_id, user_owner_id) values (1, 'Hudson Atlas Manufacturing Group 001', 1, 1, 'hudsonatlasmanufacturinggroup001.com', 'Newark', 'New Jersey', 1, 201);
insert into crm_accounts (account_id, name, industry_id, account_relationship_status_id, website, city, state, branch_id, user_owner_id) values (2, 'Prairie Beacon Retail Holdings 002', 2, 1, 'prairiebeaconretailholdings002.com', 'Milwaukee', 'Wisconsin', 2, 207);
insert into crm_accounts (account_id, name, industry_id, account_relationship_status_id, website, city, state, branch_id, user_owner_id) values (3, 'LoneStar Bridgepoint Health Systems 003', 3, 1, 'lonestarbridgepointhealthsystems003.com', 'San Antonio', 'Texas', 3, 213);
insert into crm_accounts (account_id, name, industry_id, account_relationship_status_id, website, city, state, branch_id, user_owner_id) values (4, 'Pacific Catalyst Technology Collective 004', 4, 1, 'pacificcatalysttechnologycollective004.com', 'Sacramento', 'California', 4, 219);
insert into crm_accounts (account_id, name, industry_id, account_relationship_status_id, website, city, state, branch_id, user_owner_id) values (5, 'Maple Crescent Finance Group 005', 5, 1, 'maplecrescentfinancegroup005.ca', 'Toronto', 'Ontario', 5, 225);
insert into crm_accounts (account_id, name, industry_id, account_relationship_status_id, website, city, state, branch_id, user_owner_id) values (6, 'Cascade Evergreen Logistics Holdings 006', 6, 1, 'cascadeevergreenlogisticsholdings006.ca', 'Calgary', 'Alberta', 6, 226);
insert into crm_accounts (account_id, name, industry_id, account_relationship_status_id, website, city, state, branch_id, user_owner_id) values (7, 'Azteca Frontier Education Systems 007', 7, 1, 'aztecafrontiereducationsystems007.mx', 'Monterrey', 'Nuevo Leon', 7, 232);
insert into crm_accounts (account_id, name, industry_id, account_relationship_status_id, website, city, state, branch_id, user_owner_id) values (8, 'Hudson Granite Energy Works 008', 8, 1, 'hudsongraniteenergyworks008.com', 'Stamford', 'Connecticut', 1, 203);
insert into crm_accounts (account_id, name, industry_id, account_relationship_status_id, website, city, state, branch_id, user_owner_id) values (9, 'Prairie Harbor Telecom Partners 009', 9, 1, 'prairieharbortelecompartners009.com', 'Minneapolis', 'Minnesota', 2, 209);
insert into crm_accounts (account_id, name, industry_id, account_relationship_status_id, website, city, state, branch_id, user_owner_id) values (10, 'LoneStar Liberty Public Networks 010', 10, 1, 'lonestarlibertypublicnetworks010.com', 'Dallas', 'Texas', 3, 215);

insert into crm_contacts (contact_id, account_id, name, email, phone, designation, preferred_channel_id, preferred_contact_window, preferred_contact_notes) values (1, 1, 'Liam Williams', 'liam.williams.001@contact.na.example', '+1-900-5500001', 'Chief Revenue Officer', null, null, null);
insert into crm_contacts (contact_id, account_id, name, email, phone, designation, preferred_channel_id, preferred_contact_window, preferred_contact_notes) values (2, 2, 'Sophia Brown', 'sophia.brown.002@contact.na.example', '+1-900-5500002', 'VP Sales', null, null, null);
insert into crm_contacts (contact_id, account_id, name, email, phone, designation, preferred_channel_id, preferred_contact_window, preferred_contact_notes) values (3, 3, 'Noah Jones', 'noah.jones.003@contact.na.example', '+1-900-5500003', 'Operations Director', null, null, null);
insert into crm_contacts (contact_id, account_id, name, email, phone, designation, preferred_channel_id, preferred_contact_window, preferred_contact_notes) values (4, 4, 'Ava Miller', 'ava.miller.004@contact.na.example', '+1-900-5500004', 'Finance Controller', null, null, null);
insert into crm_contacts (contact_id, account_id, name, email, phone, designation, preferred_channel_id, preferred_contact_window, preferred_contact_notes) values (5, 5, 'William Brown', 'william.brown.005@contact.na.example', '+1-900-5500005', 'Procurement Manager', null, null, null);
insert into crm_contacts (contact_id, account_id, name, email, phone, designation, preferred_channel_id, preferred_contact_window, preferred_contact_notes) values (6, 6, 'Mia Wilson', 'mia.wilson.006@contact.na.example', '+1-900-5500006', 'IT Director', null, null, null);
insert into crm_contacts (contact_id, account_id, name, email, phone, designation, preferred_channel_id, preferred_contact_window, preferred_contact_notes) values (7, 7, 'Leonardo Gonzalez', 'leonardo.gonzalez.007@contact.na.example', '+1-900-5500007', 'Customer Experience Lead', null, null, null);
insert into crm_contacts (contact_id, account_id, name, email, phone, designation, preferred_channel_id, preferred_contact_window, preferred_contact_notes) values (8, 8, 'Charlotte Moore', 'charlotte.moore.008@contact.na.example', '+1-900-5500008', 'Commercial Manager', null, null, null);
insert into crm_contacts (contact_id, account_id, name, email, phone, designation, preferred_channel_id, preferred_contact_window, preferred_contact_notes) values (9, 9, 'Logan Hall', 'logan.hall.009@contact.na.example', '+1-900-5500009', 'Chief Revenue Officer', null, null, null);
insert into crm_contacts (contact_id, account_id, name, email, phone, designation, preferred_channel_id, preferred_contact_window, preferred_contact_notes) values (10, 10, 'Harper Young', 'harper.young.010@contact.na.example', '+1-900-5500010', 'VP Sales', null, null, null);
insert into crm_contacts (contact_id, account_id, name, email, phone, designation, preferred_channel_id, preferred_contact_window, preferred_contact_notes) values (261, 1, 'Logan Hall', 'logan.hall.261@contact.na.example', '+1-900-5500261', 'Procurement Manager', null, null, null);
insert into crm_contacts (contact_id, account_id, name, email, phone, designation, preferred_channel_id, preferred_contact_window, preferred_contact_notes) values (262, 2, 'Harper Young', 'harper.young.262@contact.na.example', '+1-900-5500262', 'IT Director', null, null, null);
insert into crm_contacts (contact_id, account_id, name, email, phone, designation, preferred_channel_id, preferred_contact_window, preferred_contact_notes) values (263, 3, 'Amelia Allen', 'amelia.allen.263@contact.na.example', '+1-900-5500263', 'Customer Experience Lead', null, null, null);
insert into crm_contacts (contact_id, account_id, name, email, phone, designation, preferred_channel_id, preferred_contact_window, preferred_contact_notes) values (264, 4, 'Olivia Johnson', 'olivia.johnson.264@contact.na.example', '+1-900-5500264', 'Commercial Manager', null, null, null);
insert into crm_contacts (contact_id, account_id, name, email, phone, designation, preferred_channel_id, preferred_contact_window, preferred_contact_notes) values (265, 5, 'Lucas Singh', 'lucas.singh.265@contact.na.example', '+1-900-5500265', 'Chief Revenue Officer', null, null, null);
insert into crm_contacts (contact_id, account_id, name, email, phone, designation, preferred_channel_id, preferred_contact_window, preferred_contact_notes) values (266, 6, 'Emma Roy', 'emma.roy.266@contact.na.example', '+1-900-5500266', 'VP Sales', null, null, null);
insert into crm_contacts (contact_id, account_id, name, email, phone, designation, preferred_channel_id, preferred_contact_window, preferred_contact_notes) values (267, 7, 'Mateo Lopez', 'mateo.lopez.267@contact.na.example', '+1-900-5500267', 'Operations Director', null, null, null);
insert into crm_contacts (contact_id, account_id, name, email, phone, designation, preferred_channel_id, preferred_contact_window, preferred_contact_notes) values (268, 8, 'Ava Miller', 'ava.miller.268@contact.na.example', '+1-900-5500268', 'Finance Controller', null, null, null);
insert into crm_contacts (contact_id, account_id, name, email, phone, designation, preferred_channel_id, preferred_contact_window, preferred_contact_notes) values (269, 9, 'Mason Davis', 'mason.davis.269@contact.na.example', '+1-900-5500269', 'Procurement Manager', null, null, null);
insert into crm_contacts (contact_id, account_id, name, email, phone, designation, preferred_channel_id, preferred_contact_window, preferred_contact_notes) values (270, 10, 'Isabella Clark', 'isabella.clark.270@contact.na.example', '+1-900-5500270', 'IT Director', null, null, null);

insert into crm_customers (customer_id, account_id, primary_contact_id, name, industry_id, website, branch_id, user_owner_id, customer_status_id, customer_priority_id, billing_address, shipping_address) values (1, 1, 1, 'Hudson Atlas Manufacturing Group 001', 1, 'hudsonatlasmanufacturinggroup001.com', 1, 101, 1, 1, '101 Commerce Avenue, Newark, New Jersey', '501 Distribution Way, Jersey City, New Jersey');
insert into crm_customers (customer_id, account_id, primary_contact_id, name, industry_id, website, branch_id, user_owner_id, customer_status_id, customer_priority_id, billing_address, shipping_address) values (2, 2, 2, 'Prairie Beacon Retail Holdings 002', 2, 'prairiebeaconretailholdings002.com', 2, 102, 1, 1, '102 Commerce Avenue, Milwaukee, Wisconsin', '502 Distribution Way, Indianapolis, Indiana');
insert into crm_customers (customer_id, account_id, primary_contact_id, name, industry_id, website, branch_id, user_owner_id, customer_status_id, customer_priority_id, billing_address, shipping_address) values (3, 3, 3, 'LoneStar Bridgepoint Health Systems 003', 3, 'lonestarbridgepointhealthsystems003.com', 3, 103, 1, 1, '103 Commerce Avenue, San Antonio, Texas', '503 Distribution Way, Oklahoma City, Oklahoma');
insert into crm_customers (customer_id, account_id, primary_contact_id, name, industry_id, website, branch_id, user_owner_id, customer_status_id, customer_priority_id, billing_address, shipping_address) values (4, 4, 4, 'Pacific Catalyst Technology Collective 004', 4, 'pacificcatalysttechnologycollective004.com', 4, 104, 1, 1, '104 Commerce Avenue, Sacramento, California', '504 Distribution Way, San Francisco, California');
insert into crm_customers (customer_id, account_id, primary_contact_id, name, industry_id, website, branch_id, user_owner_id, customer_status_id, customer_priority_id, billing_address, shipping_address) values (5, 5, 5, 'Maple Crescent Finance Group 005', 5, 'maplecrescentfinancegroup005.ca', 5, 105, 1, 1, '105 Commerce Avenue, Toronto, Ontario', '505 Distribution Way, Ottawa, Ontario');
insert into crm_customers (customer_id, account_id, primary_contact_id, name, industry_id, website, branch_id, user_owner_id, customer_status_id, customer_priority_id, billing_address, shipping_address) values (6, 6, 6, 'Cascade Evergreen Logistics Holdings 006', 6, 'cascadeevergreenlogisticsholdings006.ca', 6, 106, 1, 1, '106 Commerce Avenue, Calgary, Alberta', '506 Distribution Way, Edmonton, Alberta');
insert into crm_customers (customer_id, account_id, primary_contact_id, name, industry_id, website, branch_id, user_owner_id, customer_status_id, customer_priority_id, billing_address, shipping_address) values (7, 7, 7, 'Azteca Frontier Education Systems 007', 7, 'aztecafrontiereducationsystems007.mx', 7, 107, 1, 1, '107 Commerce Avenue, Monterrey, Nuevo Leon', '507 Distribution Way, Queretaro, Queretaro');
insert into crm_customers (customer_id, account_id, primary_contact_id, name, industry_id, website, branch_id, user_owner_id, customer_status_id, customer_priority_id, billing_address, shipping_address) values (8, 8, 8, 'Hudson Granite Energy Works 008', 8, 'hudsongraniteenergyworks008.com', 1, 101, 1, 1, '108 Commerce Avenue, Stamford, Connecticut', '508 Distribution Way, White Plains, New York');
insert into crm_customers (customer_id, account_id, primary_contact_id, name, industry_id, website, branch_id, user_owner_id, customer_status_id, customer_priority_id, billing_address, shipping_address) values (9, 9, 9, 'Prairie Harbor Telecom Partners 009', 9, 'prairieharbortelecompartners009.com', 2, 102, 1, 1, '109 Commerce Avenue, Minneapolis, Minnesota', '509 Distribution Way, Chicago, Illinois');
insert into crm_customers (customer_id, account_id, primary_contact_id, name, industry_id, website, branch_id, user_owner_id, customer_status_id, customer_priority_id, billing_address, shipping_address) values (10, 10, 10, 'LoneStar Liberty Public Networks 010', 10, 'lonestarlibertypublicnetworks010.com', 3, 103, 1, 1, '110 Commerce Avenue, Dallas, Texas', '510 Distribution Way, Austin, Texas');

insert into crm_customer_contacts (customer_contact_id, customer_id, contact_id, contact_role_id, is_primary) values (1, 1, 1, 2, 'Y');
insert into crm_customer_contacts (customer_contact_id, customer_id, contact_id, contact_role_id, is_primary) values (2, 2, 2, 2, 'Y');
insert into crm_customer_contacts (customer_contact_id, customer_id, contact_id, contact_role_id, is_primary) values (3, 3, 3, 1, 'Y');
insert into crm_customer_contacts (customer_contact_id, customer_id, contact_id, contact_role_id, is_primary) values (4, 4, 4, 2, 'Y');
insert into crm_customer_contacts (customer_contact_id, customer_id, contact_id, contact_role_id, is_primary) values (5, 5, 5, 2, 'Y');
insert into crm_customer_contacts (customer_contact_id, customer_id, contact_id, contact_role_id, is_primary) values (6, 6, 6, 1, 'Y');
insert into crm_customer_contacts (customer_contact_id, customer_id, contact_id, contact_role_id, is_primary) values (7, 7, 7, 2, 'Y');
insert into crm_customer_contacts (customer_contact_id, customer_id, contact_id, contact_role_id, is_primary) values (8, 8, 8, 2, 'Y');
insert into crm_customer_contacts (customer_contact_id, customer_id, contact_id, contact_role_id, is_primary) values (9, 9, 9, 1, 'Y');
insert into crm_customer_contacts (customer_contact_id, customer_id, contact_id, contact_role_id, is_primary) values (10, 10, 10, 2, 'Y');
insert into crm_customer_contacts (customer_contact_id, customer_id, contact_id, contact_role_id, is_primary) values (141, 1, 261, 6, 'N');
insert into crm_customer_contacts (customer_contact_id, customer_id, contact_id, contact_role_id, is_primary) values (142, 2, 262, 5, 'N');
insert into crm_customer_contacts (customer_contact_id, customer_id, contact_id, contact_role_id, is_primary) values (143, 3, 263, 6, 'N');
insert into crm_customer_contacts (customer_contact_id, customer_id, contact_id, contact_role_id, is_primary) values (144, 4, 264, 5, 'N');
insert into crm_customer_contacts (customer_contact_id, customer_id, contact_id, contact_role_id, is_primary) values (145, 5, 265, 6, 'N');
insert into crm_customer_contacts (customer_contact_id, customer_id, contact_id, contact_role_id, is_primary) values (146, 6, 266, 5, 'N');
insert into crm_customer_contacts (customer_contact_id, customer_id, contact_id, contact_role_id, is_primary) values (147, 7, 267, 6, 'N');
insert into crm_customer_contacts (customer_contact_id, customer_id, contact_id, contact_role_id, is_primary) values (148, 8, 268, 5, 'N');
insert into crm_customer_contacts (customer_contact_id, customer_id, contact_id, contact_role_id, is_primary) values (149, 9, 269, 6, 'N');
insert into crm_customer_contacts (customer_contact_id, customer_id, contact_id, contact_role_id, is_primary) values (150, 10, 270, 5, 'N');

insert into crm_customer_history (customer_hist_id, customer_id, field_name, old_value, new_value, changed_by_user_id, changed_on) values (1, 1, 'CUSTOMER_STATUS_ID', 'PROSPECT', 'ONBOARDING', 101, date '2024-05-24');
insert into crm_customer_history (customer_hist_id, customer_id, field_name, old_value, new_value, changed_by_user_id, changed_on) values (2, 2, 'CUSTOMER_STATUS_ID', 'PROSPECT', 'ONBOARDING', 102, date '2024-05-27');
insert into crm_customer_history (customer_hist_id, customer_id, field_name, old_value, new_value, changed_by_user_id, changed_on) values (3, 3, 'CUSTOMER_STATUS_ID', 'PROSPECT', 'ONBOARDING', 103, date '2024-05-30');
insert into crm_customer_history (customer_hist_id, customer_id, field_name, old_value, new_value, changed_by_user_id, changed_on) values (4, 4, 'CUSTOMER_STATUS_ID', 'PROSPECT', 'ONBOARDING', 104, date '2024-06-02');
insert into crm_customer_history (customer_hist_id, customer_id, field_name, old_value, new_value, changed_by_user_id, changed_on) values (5, 5, 'CUSTOMER_STATUS_ID', 'PROSPECT', 'ONBOARDING', 105, date '2024-06-05');
insert into crm_customer_history (customer_hist_id, customer_id, field_name, old_value, new_value, changed_by_user_id, changed_on) values (6, 6, 'CUSTOMER_STATUS_ID', 'PROSPECT', 'ONBOARDING', 106, date '2024-06-08');
insert into crm_customer_history (customer_hist_id, customer_id, field_name, old_value, new_value, changed_by_user_id, changed_on) values (7, 7, 'CUSTOMER_STATUS_ID', 'PROSPECT', 'ONBOARDING', 107, date '2024-06-11');
insert into crm_customer_history (customer_hist_id, customer_id, field_name, old_value, new_value, changed_by_user_id, changed_on) values (8, 8, 'CUSTOMER_STATUS_ID', 'PROSPECT', 'ONBOARDING', 101, date '2024-06-14');
insert into crm_customer_history (customer_hist_id, customer_id, field_name, old_value, new_value, changed_by_user_id, changed_on) values (9, 9, 'CUSTOMER_STATUS_ID', 'PROSPECT', 'ONBOARDING', 102, date '2024-06-17');
insert into crm_customer_history (customer_hist_id, customer_id, field_name, old_value, new_value, changed_by_user_id, changed_on) values (10, 10, 'CUSTOMER_STATUS_ID', 'PROSPECT', 'ONBOARDING', 103, date '2024-06-20');
insert into crm_customer_history (customer_hist_id, customer_id, field_name, old_value, new_value, changed_by_user_id, changed_on) values (141, 1, 'CUSTOMER_PRIORITY_ID', 'MEDIUM', 'STRATEGIC', 5, date '2024-06-04');
insert into crm_customer_history (customer_hist_id, customer_id, field_name, old_value, new_value, changed_by_user_id, changed_on) values (142, 2, 'CUSTOMER_PRIORITY_ID', 'MEDIUM', 'STRATEGIC', 5, date '2024-06-07');
insert into crm_customer_history (customer_hist_id, customer_id, field_name, old_value, new_value, changed_by_user_id, changed_on) values (143, 3, 'CUSTOMER_PRIORITY_ID', 'MEDIUM', 'STRATEGIC', 5, date '2024-06-10');
insert into crm_customer_history (customer_hist_id, customer_id, field_name, old_value, new_value, changed_by_user_id, changed_on) values (144, 4, 'CUSTOMER_PRIORITY_ID', 'MEDIUM', 'STRATEGIC', 5, date '2024-06-13');
insert into crm_customer_history (customer_hist_id, customer_id, field_name, old_value, new_value, changed_by_user_id, changed_on) values (145, 5, 'CUSTOMER_PRIORITY_ID', 'MEDIUM', 'STRATEGIC', 5, date '2024-06-16');
insert into crm_customer_history (customer_hist_id, customer_id, field_name, old_value, new_value, changed_by_user_id, changed_on) values (146, 6, 'CUSTOMER_PRIORITY_ID', 'MEDIUM', 'STRATEGIC', 5, date '2024-06-19');
insert into crm_customer_history (customer_hist_id, customer_id, field_name, old_value, new_value, changed_by_user_id, changed_on) values (147, 7, 'CUSTOMER_PRIORITY_ID', 'MEDIUM', 'STRATEGIC', 5, date '2024-06-22');
insert into crm_customer_history (customer_hist_id, customer_id, field_name, old_value, new_value, changed_by_user_id, changed_on) values (148, 8, 'CUSTOMER_PRIORITY_ID', 'MEDIUM', 'STRATEGIC', 5, date '2024-06-25');
insert into crm_customer_history (customer_hist_id, customer_id, field_name, old_value, new_value, changed_by_user_id, changed_on) values (149, 9, 'CUSTOMER_PRIORITY_ID', 'MEDIUM', 'STRATEGIC', 5, date '2024-06-28');
insert into crm_customer_history (customer_hist_id, customer_id, field_name, old_value, new_value, changed_by_user_id, changed_on) values (150, 10, 'CUSTOMER_PRIORITY_ID', 'MEDIUM', 'STRATEGIC', 5, date '2024-07-01');

update crm_contacts
set preferred_channel_id = case
        when designation = 'Finance Controller' then 6
        when designation = 'Procurement Manager' then 1
        when designation in ('Chief Revenue Officer', 'VP Sales') then 2
        when designation = 'Operations Director' then 3
        when designation = 'Customer Experience Lead' then 4
        when designation = 'IT Director' then 5
        else 1
    end,
    preferred_contact_window = case
        when designation in ('Chief Revenue Officer', 'VP Sales') then 'Weekdays 09:00-11:00 local'
        when designation in ('Finance Controller', 'Procurement Manager') then 'Weekdays 13:00-16:00 local'
        when designation = 'Operations Director' then 'Weekdays 07:30-09:00 local'
        when designation = 'Customer Experience Lead' then 'Weekdays 08:30-10:00 local'
        when designation = 'IT Director' then 'Weekdays 10:00-12:00 local'
        else 'Weekdays 11:00-14:00 local'
    end,
    preferred_contact_notes = case
        when designation = 'Finance Controller' then 'Use the portal first, then confirm invoice and payment timing.'
        when designation = 'Procurement Manager' then 'Send the latest commercial summary before negotiation calls.'
        when designation = 'Operations Director' then 'Coordinate around rollout and delivery checkpoints.'
        when designation = 'Customer Experience Lead' then 'Keep updates brief, mobile-friendly, and action-oriented.'
        when designation = 'IT Director' then 'Include agenda and technical context before review meetings.'
        else 'Confirm agenda, next step, and decision timeline in the follow-up.'
    end;

insert into crm_account_contact_roles (account_contact_role_id, account_id, contact_id, contact_role_id, role_notes)
with base_roles as (
    select c.account_id,
           c.contact_id,
           case
               when c.designation in ('Chief Revenue Officer', 'VP Sales') then 1
               when c.designation = 'Commercial Manager' then 2
               when c.designation = 'IT Director' then 3
               when c.designation = 'Procurement Manager' then 4
               when c.designation = 'Finance Controller' then 5
               else 6
           end contact_role_id,
           case
               when c.designation in ('Chief Revenue Officer', 'VP Sales') then 'Primary commercial sponsor.'
               when c.designation = 'Commercial Manager' then 'Coordinates evaluation and buying consensus.'
               when c.designation = 'IT Director' then 'Owns technical due diligence and design review.'
               when c.designation = 'Procurement Manager' then 'Leads purchasing and commercial paper process.'
               when c.designation = 'Finance Controller' then 'Owns invoicing, billing, and payment readiness.'
               else 'Supports rollout, adoption, and operational continuity.'
           end role_notes
    from crm_contacts c
    union all
    select c.account_id,
           c.contact_id,
           7,
           'Shapes stakeholder sentiment and internal alignment.'
    from crm_contacts c
    where c.designation in ('Commercial Manager', 'Customer Experience Lead', 'IT Director')
)
select row_number() over(order by account_id, contact_id, contact_role_id),
       account_id,
       contact_id,
       contact_role_id,
       role_notes
from base_roles;

update crm_accounts a
set account_relationship_status_id = case
        when exists (
            select 1
            from crm_customers c
            where c.account_id = a.account_id
        ) then
            case
                when mod(a.account_id, 11) in (0, 1) then 3
                when mod(a.account_id, 9) = 0 then 4
                else 2
            end
        else
            case
                when mod(a.account_id, 8) = 0 then 4
                else 1
            end
    end;

commit;
-- END 02_crm_schema_foundation.sql
prompt [3/9] 03_crm_schema_pipeline_quotes_part1.sql
prompt ------------------------------------------------------------
-- BEGIN 03_crm_schema_pipeline_quotes_part1.sql
-- Seed segment 2: leads, opportunities, pipeline history, quotes, part 1.

set define off;

--------------------------------------------------------------------------------
-- Leads, opportunities, and pipeline history
--------------------------------------------------------------------------------
insert into crm_leads (lead_id, account_id, contact_id, lead_subject, lead_type_id, lead_state_id, lead_source_id, lead_disqual_reason_id, branch_id, user_owner_id, budget_amt, expected_value_amt, city, state, details, qualification_summary, next_action_date, status_date, converted_customer_id) values (1, 1, 1, 'NA', 1, 4, 1, null, 1, 201, 105600, 120000, 'Newark', 'New Jersey', 'North America demand generation lead for branch 1 and account 1.', 'Converted after discovery.', null, date '2025-01-14', 1);
insert into crm_leads (lead_id, account_id, contact_id, lead_subject, lead_type_id, lead_state_id, lead_source_id, lead_disqual_reason_id, branch_id, user_owner_id, budget_amt, expected_value_amt, city, state, details, qualification_summary, next_action_date, status_date, converted_customer_id) values (2, 2, 2, 'NA', 1, 4, 2, null, 2, 207, 117656, 133700, 'Milwaukee', 'Wisconsin', 'North America demand generation lead for branch 2 and account 2.', 'Converted after discovery.', null, date '2025-01-18', 2);
insert into crm_leads (lead_id, account_id, contact_id, lead_subject, lead_type_id, lead_state_id, lead_source_id, lead_disqual_reason_id, branch_id, user_owner_id, budget_amt, expected_value_amt, city, state, details, qualification_summary, next_action_date, status_date, converted_customer_id) values (3, 3, 3, 'NA', 1, 4, 3, null, 3, 213, 129712, 147400, 'San Antonio', 'Texas', 'North America demand generation lead for branch 3 and account 3.', 'Converted after discovery.', null, date '2025-01-22', 3);
insert into crm_leads (lead_id, account_id, contact_id, lead_subject, lead_type_id, lead_state_id, lead_source_id, lead_disqual_reason_id, branch_id, user_owner_id, budget_amt, expected_value_amt, city, state, details, qualification_summary, next_action_date, status_date, converted_customer_id) values (4, 4, 264, 'NA', 1, 4, 4, null, 4, 219, 141768, 161100, 'Sacramento', 'California', 'North America demand generation lead for branch 4 and account 4.', 'Converted after discovery.', null, date '2025-01-26', 4);
insert into crm_leads (lead_id, account_id, contact_id, lead_subject, lead_type_id, lead_state_id, lead_source_id, lead_disqual_reason_id, branch_id, user_owner_id, budget_amt, expected_value_amt, city, state, details, qualification_summary, next_action_date, status_date, converted_customer_id) values (5, 5, 5, 'NA', 1, 4, 5, null, 5, 225, 153824, 174800, 'Toronto', 'Ontario', 'North America demand generation lead for branch 5 and account 5.', 'Converted after discovery.', null, date '2025-01-30', 5);
insert into crm_leads (lead_id, account_id, contact_id, lead_subject, lead_type_id, lead_state_id, lead_source_id, lead_disqual_reason_id, branch_id, user_owner_id, budget_amt, expected_value_amt, city, state, details, qualification_summary, next_action_date, status_date, converted_customer_id) values (6, 6, 6, 'NA', 4, 4, 6, null, 6, 226, 165880, 188500, 'Calgary', 'Alberta', 'North America demand generation lead for branch 6 and account 6.', 'Converted after discovery.', null, date '2025-01-28', 6);
insert into crm_leads (lead_id, account_id, contact_id, lead_subject, lead_type_id, lead_state_id, lead_source_id, lead_disqual_reason_id, branch_id, user_owner_id, budget_amt, expected_value_amt, city, state, details, qualification_summary, next_action_date, status_date, converted_customer_id) values (7, 7, 7, 'NA', 4, 4, 7, null, 7, 232, 177936, 202200, 'Monterrey', 'Nuevo Leon', 'North America demand generation lead for branch 7 and account 7.', 'Converted after discovery.', null, date '2025-02-01', 7);
insert into crm_leads (lead_id, account_id, contact_id, lead_subject, lead_type_id, lead_state_id, lead_source_id, lead_disqual_reason_id, branch_id, user_owner_id, budget_amt, expected_value_amt, city, state, details, qualification_summary, next_action_date, status_date, converted_customer_id) values (8, 8, 268, 'NA', 4, 4, 1, null, 1, 203, 164120, 186500, 'Stamford', 'Connecticut', 'North America demand generation lead for branch 1 and account 8.', 'Converted after discovery.', null, date '2025-02-05', 8);
insert into crm_leads (lead_id, account_id, contact_id, lead_subject, lead_type_id, lead_state_id, lead_source_id, lead_disqual_reason_id, branch_id, user_owner_id, budget_amt, expected_value_amt, city, state, details, qualification_summary, next_action_date, status_date, converted_customer_id) values (9, 9, 9, 'NA', 4, 4, 2, null, 2, 209, 176176, 200200, 'Minneapolis', 'Minnesota', 'North America demand generation lead for branch 2 and account 9.', 'Converted after discovery.', null, date '2025-02-09', 9);
insert into crm_leads (lead_id, account_id, contact_id, lead_subject, lead_type_id, lead_state_id, lead_source_id, lead_disqual_reason_id, branch_id, user_owner_id, budget_amt, expected_value_amt, city, state, details, qualification_summary, next_action_date, status_date, converted_customer_id) values (10, 10, 10, 'NA', 4, 4, 3, null, 3, 215, 188232, 213900, 'Dallas', 'Texas', 'North America demand generation lead for branch 3 and account 10.', 'Converted after discovery.', null, date '2025-02-13', 10);

insert into crm_lead_history (lead_hist_id, lead_id, field_name, old_value, new_value, changed_by_user_id, changed_on) values (1, 1, 'LEAD_STATE_ID', 'NEW', 'CONVERTED', 201, date '2025-01-13');
insert into crm_lead_history (lead_hist_id, lead_id, field_name, old_value, new_value, changed_by_user_id, changed_on) values (2, 1, 'CONVERTED_CUSTOMER_ID', null, '1', 201, date '2025-01-31');
insert into crm_lead_history (lead_hist_id, lead_id, field_name, old_value, new_value, changed_by_user_id, changed_on) values (3, 2, 'LEAD_STATE_ID', 'NEW', 'CONVERTED', 207, date '2025-01-17');
insert into crm_lead_history (lead_hist_id, lead_id, field_name, old_value, new_value, changed_by_user_id, changed_on) values (4, 2, 'CONVERTED_CUSTOMER_ID', null, '2', 207, date '2025-02-04');
insert into crm_lead_history (lead_hist_id, lead_id, field_name, old_value, new_value, changed_by_user_id, changed_on) values (5, 3, 'LEAD_STATE_ID', 'NEW', 'CONVERTED', 213, date '2025-01-21');
insert into crm_lead_history (lead_hist_id, lead_id, field_name, old_value, new_value, changed_by_user_id, changed_on) values (6, 3, 'CONVERTED_CUSTOMER_ID', null, '3', 213, date '2025-02-08');
insert into crm_lead_history (lead_hist_id, lead_id, field_name, old_value, new_value, changed_by_user_id, changed_on) values (7, 4, 'LEAD_STATE_ID', 'NEW', 'CONVERTED', 219, date '2025-01-25');
insert into crm_lead_history (lead_hist_id, lead_id, field_name, old_value, new_value, changed_by_user_id, changed_on) values (8, 4, 'CONVERTED_CUSTOMER_ID', null, '4', 219, date '2025-02-12');
insert into crm_lead_history (lead_hist_id, lead_id, field_name, old_value, new_value, changed_by_user_id, changed_on) values (9, 5, 'LEAD_STATE_ID', 'NEW', 'CONVERTED', 225, date '2025-01-29');
insert into crm_lead_history (lead_hist_id, lead_id, field_name, old_value, new_value, changed_by_user_id, changed_on) values (10, 5, 'CONVERTED_CUSTOMER_ID', null, '5', 225, date '2025-02-11');
insert into crm_lead_history (lead_hist_id, lead_id, field_name, old_value, new_value, changed_by_user_id, changed_on) values (11, 6, 'LEAD_STATE_ID', 'NEW', 'CONVERTED', 226, date '2025-02-02');
insert into crm_lead_history (lead_hist_id, lead_id, field_name, old_value, new_value, changed_by_user_id, changed_on) values (12, 6, 'CONVERTED_CUSTOMER_ID', null, '6', 226, date '2025-02-15');
insert into crm_lead_history (lead_hist_id, lead_id, field_name, old_value, new_value, changed_by_user_id, changed_on) values (13, 7, 'LEAD_STATE_ID', 'NEW', 'CONVERTED', 232, date '2025-02-06');
insert into crm_lead_history (lead_hist_id, lead_id, field_name, old_value, new_value, changed_by_user_id, changed_on) values (14, 7, 'CONVERTED_CUSTOMER_ID', null, '7', 232, date '2025-02-19');
insert into crm_lead_history (lead_hist_id, lead_id, field_name, old_value, new_value, changed_by_user_id, changed_on) values (15, 8, 'LEAD_STATE_ID', 'NEW', 'CONVERTED', 203, date '2025-02-02');
insert into crm_lead_history (lead_hist_id, lead_id, field_name, old_value, new_value, changed_by_user_id, changed_on) values (16, 8, 'CONVERTED_CUSTOMER_ID', null, '8', 203, date '2025-02-23');
insert into crm_lead_history (lead_hist_id, lead_id, field_name, old_value, new_value, changed_by_user_id, changed_on) values (17, 9, 'LEAD_STATE_ID', 'NEW', 'CONVERTED', 209, date '2025-02-06');
insert into crm_lead_history (lead_hist_id, lead_id, field_name, old_value, new_value, changed_by_user_id, changed_on) values (18, 9, 'CONVERTED_CUSTOMER_ID', null, '9', 209, date '2025-02-27');
insert into crm_lead_history (lead_hist_id, lead_id, field_name, old_value, new_value, changed_by_user_id, changed_on) values (19, 10, 'LEAD_STATE_ID', 'NEW', 'CONVERTED', 215, date '2025-02-10');
insert into crm_lead_history (lead_hist_id, lead_id, field_name, old_value, new_value, changed_by_user_id, changed_on) values (20, 10, 'CONVERTED_CUSTOMER_ID', null, '10', 215, date '2025-02-26');

insert into crm_opportunities (opportunity_id, lead_id, account_id, primary_contact_id, opportunity_stage_id, opportunity_category_id, user_owner_id, close_reason_id, opportunity_name, value_amt, probability_pct, expected_close_date, current_stage_date, next_action_date, details, closed_date) values (1, 1, 1, 1, 7, 3, 201, 1, 'North America CRM expansion opportunity 0001', 132000, 100, date '2025-03-02', date '2025-02-25', null, 'Closed won after commercial, security, and rollout alignment.', date '2025-03-03');
insert into crm_opportunities (opportunity_id, lead_id, account_id, primary_contact_id, opportunity_stage_id, opportunity_category_id, user_owner_id, close_reason_id, opportunity_name, value_amt, probability_pct, expected_close_date, current_stage_date, next_action_date, details, closed_date) values (2, 2, 2, 2, 7, 3, 207, 2, 'North America CRM expansion opportunity 0002', 145700, 100, date '2025-03-08', date '2025-03-02', null, 'Closed won after commercial, security, and rollout alignment.', date '2025-03-10');
insert into crm_opportunities (opportunity_id, lead_id, account_id, primary_contact_id, opportunity_stage_id, opportunity_category_id, user_owner_id, close_reason_id, opportunity_name, value_amt, probability_pct, expected_close_date, current_stage_date, next_action_date, details, closed_date) values (3, 3, 3, 3, 7, 3, 213, 3, 'North America CRM expansion opportunity 0003', 159400, 100, date '2025-03-14', date '2025-03-07', null, 'Closed won after commercial, security, and rollout alignment.', date '2025-03-17');
insert into crm_opportunities (opportunity_id, lead_id, account_id, primary_contact_id, opportunity_stage_id, opportunity_category_id, user_owner_id, close_reason_id, opportunity_name, value_amt, probability_pct, expected_close_date, current_stage_date, next_action_date, details, closed_date) values (4, 4, 4, 264, 7, 3, 219, 1, 'North America CRM expansion opportunity 0004', 173100, 100, date '2025-03-20', date '2025-03-16', null, 'Closed won after commercial, security, and rollout alignment.', date '2025-03-20');
insert into crm_opportunities (opportunity_id, lead_id, account_id, primary_contact_id, opportunity_stage_id, opportunity_category_id, user_owner_id, close_reason_id, opportunity_name, value_amt, probability_pct, expected_close_date, current_stage_date, next_action_date, details, closed_date) values (5, 5, 5, 5, 7, 4, 225, 2, 'North America CRM expansion opportunity 0005', 186800, 100, date '2025-03-26', date '2025-03-21', null, 'Closed won after commercial, security, and rollout alignment.', date '2025-03-27');
insert into crm_opportunities (opportunity_id, lead_id, account_id, primary_contact_id, opportunity_stage_id, opportunity_category_id, user_owner_id, close_reason_id, opportunity_name, value_amt, probability_pct, expected_close_date, current_stage_date, next_action_date, details, closed_date) values (6, 6, 6, 6, 7, 4, 226, 3, 'North America CRM expansion opportunity 0006', 200500, 100, date '2025-03-26', date '2025-03-20', null, 'Closed won after commercial, security, and rollout alignment.', date '2025-03-28');
insert into crm_opportunities (opportunity_id, lead_id, account_id, primary_contact_id, opportunity_stage_id, opportunity_category_id, user_owner_id, close_reason_id, opportunity_name, value_amt, probability_pct, expected_close_date, current_stage_date, next_action_date, details, closed_date) values (7, 7, 7, 7, 7, 4, 232, 1, 'North America CRM expansion opportunity 0007', 214200, 100, date '2025-04-01', date '2025-03-25', null, 'Closed won after commercial, security, and rollout alignment.', date '2025-04-04');
insert into crm_opportunities (opportunity_id, lead_id, account_id, primary_contact_id, opportunity_stage_id, opportunity_category_id, user_owner_id, close_reason_id, opportunity_name, value_amt, probability_pct, expected_close_date, current_stage_date, next_action_date, details, closed_date) values (8, 8, 8, 268, 7, 4, 203, 2, 'North America CRM expansion opportunity 0008', 198500, 100, date '2025-04-07', date '2025-04-03', null, 'Closed won after commercial, security, and rollout alignment.', date '2025-04-07');
insert into crm_opportunities (opportunity_id, lead_id, account_id, primary_contact_id, opportunity_stage_id, opportunity_category_id, user_owner_id, close_reason_id, opportunity_name, value_amt, probability_pct, expected_close_date, current_stage_date, next_action_date, details, closed_date) values (9, 9, 9, 9, 7, 4, 209, 3, 'North America CRM expansion opportunity 0009', 212200, 100, date '2025-04-13', date '2025-04-08', null, 'Closed won after commercial, security, and rollout alignment.', date '2025-04-14');
insert into crm_opportunities (opportunity_id, lead_id, account_id, primary_contact_id, opportunity_stage_id, opportunity_category_id, user_owner_id, close_reason_id, opportunity_name, value_amt, probability_pct, expected_close_date, current_stage_date, next_action_date, details, closed_date) values (10, 10, 10, 10, 7, 4, 215, 1, 'North America CRM expansion opportunity 0010', 225900, 100, date '2025-04-19', date '2025-04-13', null, 'Closed won after commercial, security, and rollout alignment.', date '2025-04-21');

insert into crm_opportunity_stage_history (opp_stage_hist_id, opportunity_id, old_stage_id, new_stage_id, changed_by_user_id, changed_on) values (1, 1, null, 1, 201, date '2025-01-14');
insert into crm_opportunity_stage_history (opp_stage_hist_id, opportunity_id, old_stage_id, new_stage_id, changed_by_user_id, changed_on) values (2, 1, 1, 4, 201, date '2025-01-27');
insert into crm_opportunity_stage_history (opp_stage_hist_id, opportunity_id, old_stage_id, new_stage_id, changed_by_user_id, changed_on) values (3, 1, 4, 7, 201, date '2025-02-12');
insert into crm_opportunity_history (opportunity_hist_id, opportunity_id, field_name, old_value, new_value, changed_by_user_id, changed_on) values (1, 1, 'PROBABILITY_PCT', '25', '100', 201, date '2025-02-06');
insert into crm_opportunity_history (opportunity_hist_id, opportunity_id, field_name, old_value, new_value, changed_by_user_id, changed_on) values (2, 1, 'EXPECTED_CLOSE_DATE', '2025-02-20', '2025-03-08', 201, date '2025-02-10');
insert into crm_opportunity_stage_history (opp_stage_hist_id, opportunity_id, old_stage_id, new_stage_id, changed_by_user_id, changed_on) values (4, 2, null, 1, 207, date '2025-01-17');
insert into crm_opportunity_stage_history (opp_stage_hist_id, opportunity_id, old_stage_id, new_stage_id, changed_by_user_id, changed_on) values (5, 2, 1, 4, 207, date '2025-01-31');
insert into crm_opportunity_stage_history (opp_stage_hist_id, opportunity_id, old_stage_id, new_stage_id, changed_by_user_id, changed_on) values (6, 2, 4, 7, 207, date '2025-02-16');
insert into crm_opportunity_history (opportunity_hist_id, opportunity_id, field_name, old_value, new_value, changed_by_user_id, changed_on) values (3, 2, 'PROBABILITY_PCT', '25', '100', 207, date '2025-02-10');
insert into crm_opportunity_history (opportunity_hist_id, opportunity_id, field_name, old_value, new_value, changed_by_user_id, changed_on) values (4, 2, 'EXPECTED_CLOSE_DATE', '2025-02-23', '2025-03-12', 207, date '2025-02-14');
insert into crm_opportunity_stage_history (opp_stage_hist_id, opportunity_id, old_stage_id, new_stage_id, changed_by_user_id, changed_on) values (7, 3, null, 1, 213, date '2025-01-20');
insert into crm_opportunity_stage_history (opp_stage_hist_id, opportunity_id, old_stage_id, new_stage_id, changed_by_user_id, changed_on) values (8, 3, 1, 4, 213, date '2025-02-04');
insert into crm_opportunity_stage_history (opp_stage_hist_id, opportunity_id, old_stage_id, new_stage_id, changed_by_user_id, changed_on) values (9, 3, 4, 7, 213, date '2025-02-20');
insert into crm_opportunity_history (opportunity_hist_id, opportunity_id, field_name, old_value, new_value, changed_by_user_id, changed_on) values (5, 3, 'PROBABILITY_PCT', '25', '100', 213, date '2025-02-14');
insert into crm_opportunity_history (opportunity_hist_id, opportunity_id, field_name, old_value, new_value, changed_by_user_id, changed_on) values (6, 3, 'EXPECTED_CLOSE_DATE', '2025-02-26', '2025-03-16', 213, date '2025-02-18');
insert into crm_opportunity_stage_history (opp_stage_hist_id, opportunity_id, old_stage_id, new_stage_id, changed_by_user_id, changed_on) values (10, 4, null, 1, 219, date '2025-01-23');
insert into crm_opportunity_stage_history (opp_stage_hist_id, opportunity_id, old_stage_id, new_stage_id, changed_by_user_id, changed_on) values (11, 4, 1, 4, 219, date '2025-02-08');
insert into crm_opportunity_stage_history (opp_stage_hist_id, opportunity_id, old_stage_id, new_stage_id, changed_by_user_id, changed_on) values (12, 4, 4, 7, 219, date '2025-02-24');
insert into crm_opportunity_history (opportunity_hist_id, opportunity_id, field_name, old_value, new_value, changed_by_user_id, changed_on) values (7, 4, 'PROBABILITY_PCT', '25', '100', 219, date '2025-02-18');
insert into crm_opportunity_history (opportunity_hist_id, opportunity_id, field_name, old_value, new_value, changed_by_user_id, changed_on) values (8, 4, 'EXPECTED_CLOSE_DATE', '2025-03-01', '2025-03-20', 219, date '2025-02-22');
insert into crm_opportunity_stage_history (opp_stage_hist_id, opportunity_id, old_stage_id, new_stage_id, changed_by_user_id, changed_on) values (13, 5, null, 1, 225, date '2025-01-26');
insert into crm_opportunity_stage_history (opp_stage_hist_id, opportunity_id, old_stage_id, new_stage_id, changed_by_user_id, changed_on) values (14, 5, 1, 4, 225, date '2025-02-12');
insert into crm_opportunity_stage_history (opp_stage_hist_id, opportunity_id, old_stage_id, new_stage_id, changed_by_user_id, changed_on) values (15, 5, 4, 7, 225, date '2025-02-28');
insert into crm_opportunity_history (opportunity_hist_id, opportunity_id, field_name, old_value, new_value, changed_by_user_id, changed_on) values (9, 5, 'PROBABILITY_PCT', '25', '100', 225, date '2025-02-22');
insert into crm_opportunity_history (opportunity_hist_id, opportunity_id, field_name, old_value, new_value, changed_by_user_id, changed_on) values (10, 5, 'EXPECTED_CLOSE_DATE', '2025-03-04', '2025-03-24', 225, date '2025-02-26');
insert into crm_opportunity_stage_history (opp_stage_hist_id, opportunity_id, old_stage_id, new_stage_id, changed_by_user_id, changed_on) values (16, 6, null, 1, 226, date '2025-01-29');
insert into crm_opportunity_stage_history (opp_stage_hist_id, opportunity_id, old_stage_id, new_stage_id, changed_by_user_id, changed_on) values (17, 6, 1, 4, 226, date '2025-02-10');
insert into crm_opportunity_stage_history (opp_stage_hist_id, opportunity_id, old_stage_id, new_stage_id, changed_by_user_id, changed_on) values (18, 6, 4, 7, 226, date '2025-03-04');
insert into crm_opportunity_history (opportunity_hist_id, opportunity_id, field_name, old_value, new_value, changed_by_user_id, changed_on) values (11, 6, 'PROBABILITY_PCT', '25', '100', 226, date '2025-02-26');
insert into crm_opportunity_history (opportunity_hist_id, opportunity_id, field_name, old_value, new_value, changed_by_user_id, changed_on) values (12, 6, 'EXPECTED_CLOSE_DATE', '2025-03-07', '2025-03-28', 226, date '2025-03-02');
insert into crm_opportunity_stage_history (opp_stage_hist_id, opportunity_id, old_stage_id, new_stage_id, changed_by_user_id, changed_on) values (19, 7, null, 1, 232, date '2025-02-01');
insert into crm_opportunity_stage_history (opp_stage_hist_id, opportunity_id, old_stage_id, new_stage_id, changed_by_user_id, changed_on) values (20, 7, 1, 4, 232, date '2025-02-14');
insert into crm_opportunity_stage_history (opp_stage_hist_id, opportunity_id, old_stage_id, new_stage_id, changed_by_user_id, changed_on) values (21, 7, 4, 7, 232, date '2025-03-08');
insert into crm_opportunity_history (opportunity_hist_id, opportunity_id, field_name, old_value, new_value, changed_by_user_id, changed_on) values (13, 7, 'PROBABILITY_PCT', '25', '100', 232, date '2025-03-02');
insert into crm_opportunity_history (opportunity_hist_id, opportunity_id, field_name, old_value, new_value, changed_by_user_id, changed_on) values (14, 7, 'EXPECTED_CLOSE_DATE', '2025-03-10', '2025-04-01', 232, date '2025-03-06');
insert into crm_opportunity_stage_history (opp_stage_hist_id, opportunity_id, old_stage_id, new_stage_id, changed_by_user_id, changed_on) values (22, 8, null, 1, 203, date '2025-02-04');
insert into crm_opportunity_stage_history (opp_stage_hist_id, opportunity_id, old_stage_id, new_stage_id, changed_by_user_id, changed_on) values (23, 8, 1, 4, 203, date '2025-02-18');
insert into crm_opportunity_stage_history (opp_stage_hist_id, opportunity_id, old_stage_id, new_stage_id, changed_by_user_id, changed_on) values (24, 8, 4, 7, 203, date '2025-03-12');
insert into crm_opportunity_history (opportunity_hist_id, opportunity_id, field_name, old_value, new_value, changed_by_user_id, changed_on) values (15, 8, 'PROBABILITY_PCT', '25', '100', 203, date '2025-03-06');
insert into crm_opportunity_history (opportunity_hist_id, opportunity_id, field_name, old_value, new_value, changed_by_user_id, changed_on) values (16, 8, 'EXPECTED_CLOSE_DATE', '2025-03-13', '2025-04-05', 203, date '2025-03-10');
insert into crm_opportunity_stage_history (opp_stage_hist_id, opportunity_id, old_stage_id, new_stage_id, changed_by_user_id, changed_on) values (25, 9, null, 1, 209, date '2025-02-07');
insert into crm_opportunity_stage_history (opp_stage_hist_id, opportunity_id, old_stage_id, new_stage_id, changed_by_user_id, changed_on) values (26, 9, 1, 4, 209, date '2025-02-22');
insert into crm_opportunity_stage_history (opp_stage_hist_id, opportunity_id, old_stage_id, new_stage_id, changed_by_user_id, changed_on) values (27, 9, 4, 7, 209, date '2025-03-07');
insert into crm_opportunity_history (opportunity_hist_id, opportunity_id, field_name, old_value, new_value, changed_by_user_id, changed_on) values (17, 9, 'PROBABILITY_PCT', '25', '100', 209, date '2025-03-10');
insert into crm_opportunity_history (opportunity_hist_id, opportunity_id, field_name, old_value, new_value, changed_by_user_id, changed_on) values (18, 9, 'EXPECTED_CLOSE_DATE', '2025-03-16', '2025-04-09', 209, date '2025-03-14');
insert into crm_opportunity_stage_history (opp_stage_hist_id, opportunity_id, old_stage_id, new_stage_id, changed_by_user_id, changed_on) values (28, 10, null, 1, 215, date '2025-02-10');
insert into crm_opportunity_stage_history (opp_stage_hist_id, opportunity_id, old_stage_id, new_stage_id, changed_by_user_id, changed_on) values (29, 10, 1, 4, 215, date '2025-02-26');
insert into crm_opportunity_stage_history (opp_stage_hist_id, opportunity_id, old_stage_id, new_stage_id, changed_by_user_id, changed_on) values (30, 10, 4, 7, 215, date '2025-03-11');
insert into crm_opportunity_history (opportunity_hist_id, opportunity_id, field_name, old_value, new_value, changed_by_user_id, changed_on) values (19, 10, 'PROBABILITY_PCT', '25', '100', 215, date '2025-03-04');
insert into crm_opportunity_history (opportunity_hist_id, opportunity_id, field_name, old_value, new_value, changed_by_user_id, changed_on) values (20, 10, 'EXPECTED_CLOSE_DATE', '2025-03-19', '2025-04-13', 215, date '2025-03-08');

commit;
-- END 03_crm_schema_pipeline_quotes_part1.sql
prompt [4/9] 04_crm_schema_pipeline_quotes_part2.sql
prompt ------------------------------------------------------------
-- BEGIN 04_crm_schema_pipeline_quotes_part2.sql
-- Seed segment 2: leads, opportunities, pipeline history, quotes, part 2.

set define off;


insert into crm_opportunity_contacts (opportunity_contact_id, opportunity_id, contact_id, contact_role_id, is_primary) values (1, 1, 1, 2, 'Y');
insert into crm_opportunity_contacts (opportunity_contact_id, opportunity_id, contact_id, contact_role_id, is_primary) values (2, 1, 261, 4, 'N');
insert into crm_opportunity_contacts (opportunity_contact_id, opportunity_id, contact_id, contact_role_id, is_primary) values (3, 2, 2, 2, 'Y');
insert into crm_opportunity_contacts (opportunity_contact_id, opportunity_id, contact_id, contact_role_id, is_primary) values (4, 2, 262, 3, 'N');
insert into crm_opportunity_contacts (opportunity_contact_id, opportunity_id, contact_id, contact_role_id, is_primary) values (5, 3, 3, 1, 'Y');
insert into crm_opportunity_contacts (opportunity_contact_id, opportunity_id, contact_id, contact_role_id, is_primary) values (6, 3, 263, 4, 'N');
insert into crm_opportunity_contacts (opportunity_contact_id, opportunity_id, contact_id, contact_role_id, is_primary) values (7, 4, 264, 2, 'Y');
insert into crm_opportunity_contacts (opportunity_contact_id, opportunity_id, contact_id, contact_role_id, is_primary) values (8, 4, 4, 3, 'N');
insert into crm_opportunity_contacts (opportunity_contact_id, opportunity_id, contact_id, contact_role_id, is_primary) values (9, 5, 5, 2, 'Y');
insert into crm_opportunity_contacts (opportunity_contact_id, opportunity_id, contact_id, contact_role_id, is_primary) values (10, 5, 265, 4, 'N');
insert into crm_opportunity_contacts (opportunity_contact_id, opportunity_id, contact_id, contact_role_id, is_primary) values (11, 6, 6, 1, 'Y');
insert into crm_opportunity_contacts (opportunity_contact_id, opportunity_id, contact_id, contact_role_id, is_primary) values (12, 6, 266, 3, 'N');
insert into crm_opportunity_contacts (opportunity_contact_id, opportunity_id, contact_id, contact_role_id, is_primary) values (13, 7, 7, 2, 'Y');
insert into crm_opportunity_contacts (opportunity_contact_id, opportunity_id, contact_id, contact_role_id, is_primary) values (14, 7, 267, 4, 'N');
insert into crm_opportunity_contacts (opportunity_contact_id, opportunity_id, contact_id, contact_role_id, is_primary) values (15, 8, 268, 2, 'Y');
insert into crm_opportunity_contacts (opportunity_contact_id, opportunity_id, contact_id, contact_role_id, is_primary) values (16, 8, 8, 3, 'N');
insert into crm_opportunity_contacts (opportunity_contact_id, opportunity_id, contact_id, contact_role_id, is_primary) values (17, 9, 9, 1, 'Y');
insert into crm_opportunity_contacts (opportunity_contact_id, opportunity_id, contact_id, contact_role_id, is_primary) values (18, 9, 269, 4, 'N');
insert into crm_opportunity_contacts (opportunity_contact_id, opportunity_id, contact_id, contact_role_id, is_primary) values (19, 10, 10, 2, 'Y');
insert into crm_opportunity_contacts (opportunity_contact_id, opportunity_id, contact_id, contact_role_id, is_primary) values (20, 10, 270, 3, 'N');

--------------------------------------------------------------------------------
-- Quotes, quote lines, and quote history
--------------------------------------------------------------------------------
insert into crm_quotes (quote_id, opportunity_id, account_id, customer_id, contact_id, user_owner_id, quote_status_id, approval_status_id, quote_no, version_no, parent_quote_id, quote_date, expiry_date, accepted_date, rejected_date, discount_amt, tax_amt, total_amt, terms_text, special_notes) values (1, 1, 1, 1, 1, 201, 3, 2, 'NA-Q-2025-0001', 1, null, date '2025-02-05', date '2025-03-07', date '2025-02-14', null, 12180, 13754.7, 175574.7, 'Standard North America commercial terms with annual billing and implementation milestones.', 'Quote routed through approval workflow due to deal size.');
insert into crm_quotes (quote_id, opportunity_id, account_id, customer_id, contact_id, user_owner_id, quote_status_id, approval_status_id, quote_no, version_no, parent_quote_id, quote_date, expiry_date, accepted_date, rejected_date, discount_amt, tax_amt, total_amt, terms_text, special_notes) values (2, 2, 2, 2, 2, 207, 3, 2, 'NA-Q-2025-0002', 1, null, date '2025-02-09', date '2025-03-11', date '2025-02-19', null, 9870, 11146.05, 142276.05, 'Standard North America commercial terms with annual billing and implementation milestones.', 'Quote routed through approval workflow due to deal size.');
insert into crm_quotes (quote_id, opportunity_id, account_id, customer_id, contact_id, user_owner_id, quote_status_id, approval_status_id, quote_no, version_no, parent_quote_id, quote_date, expiry_date, accepted_date, rejected_date, discount_amt, tax_amt, total_amt, terms_text, special_notes) values (3, 3, 3, 3, 3, 213, 3, 2, 'NA-Q-2025-0003', 1, null, date '2025-02-13', date '2025-03-15', date '2025-02-24', null, 12880, 14545.2, 185665.2, 'Standard North America commercial terms with annual billing and implementation milestones.', 'Quote routed through approval workflow due to deal size.');
insert into crm_quotes (quote_id, opportunity_id, account_id, customer_id, contact_id, user_owner_id, quote_status_id, approval_status_id, quote_no, version_no, parent_quote_id, quote_date, expiry_date, accepted_date, rejected_date, discount_amt, tax_amt, total_amt, terms_text, special_notes) values (4, 4, 4, 4, 264, 219, 3, 2, 'NA-Q-2025-0004', 1, null, date '2025-02-17', date '2025-03-19', date '2025-03-01', null, 8050, 9090.75, 116040.75, 'Standard North America commercial terms with annual billing and implementation milestones.', 'Quote routed through approval workflow due to deal size.');
insert into crm_quotes (quote_id, opportunity_id, account_id, customer_id, contact_id, user_owner_id, quote_status_id, approval_status_id, quote_no, version_no, parent_quote_id, quote_date, expiry_date, accepted_date, rejected_date, discount_amt, tax_amt, total_amt, terms_text, special_notes) values (5, 5, 5, 5, 5, 225, 3, null, 'NA-Q-2025-0005', 1, null, date '2025-02-21', date '2025-03-23', date '2025-03-06', null, 3780, 6528.6, 56748.6, 'Standard North America commercial terms with annual billing and implementation milestones.', 'Quote aligned to standard package terms.');
insert into crm_quotes (quote_id, opportunity_id, account_id, customer_id, contact_id, user_owner_id, quote_status_id, approval_status_id, quote_no, version_no, parent_quote_id, quote_date, expiry_date, accepted_date, rejected_date, discount_amt, tax_amt, total_amt, terms_text, special_notes) values (6, 6, 6, 6, 6, 226, 3, 2, 'NA-Q-2025-0006', 1, null, date '2025-02-25', date '2025-03-27', date '2025-03-05', null, 9800, 16926, 147126, 'Standard North America commercial terms with annual billing and implementation milestones.', 'Quote routed through approval workflow due to deal size.');
insert into crm_quotes (quote_id, opportunity_id, account_id, customer_id, contact_id, user_owner_id, quote_status_id, approval_status_id, quote_no, version_no, parent_quote_id, quote_date, expiry_date, accepted_date, rejected_date, discount_amt, tax_amt, total_amt, terms_text, special_notes) values (7, 7, 7, 7, 7, 232, 3, 2, 'NA-Q-2025-0007', 1, null, date '2025-03-01', date '2025-03-31', date '2025-03-10', null, 12530, 26635.2, 193105.2, 'Standard North America commercial terms with annual billing and implementation milestones.', 'Quote routed through approval workflow due to deal size.');
insert into crm_quotes (quote_id, opportunity_id, account_id, customer_id, contact_id, user_owner_id, quote_status_id, approval_status_id, quote_no, version_no, parent_quote_id, quote_date, expiry_date, accepted_date, rejected_date, discount_amt, tax_amt, total_amt, terms_text, special_notes) values (8, 8, 8, 8, 268, 203, 3, 2, 'NA-Q-2025-0008', 1, null, date '2025-03-05', date '2025-04-04', date '2025-03-15', null, 5880, 6640.2, 84760.2, 'Standard North America commercial terms with annual billing and implementation milestones.', 'Quote routed through approval workflow due to deal size.');
insert into crm_quotes (quote_id, opportunity_id, account_id, customer_id, contact_id, user_owner_id, quote_status_id, approval_status_id, quote_no, version_no, parent_quote_id, quote_date, expiry_date, accepted_date, rejected_date, discount_amt, tax_amt, total_amt, terms_text, special_notes) values (9, 9, 9, 9, 9, 209, 3, 2, 'NA-Q-2025-0009', 1, null, date '2025-03-09', date '2025-04-08', date '2025-03-20', null, 7140, 8063.1, 102923.1, 'Standard North America commercial terms with annual billing and implementation milestones.', 'Quote routed through approval workflow due to deal size.');
insert into crm_quotes (quote_id, opportunity_id, account_id, customer_id, contact_id, user_owner_id, quote_status_id, approval_status_id, quote_no, version_no, parent_quote_id, quote_date, expiry_date, accepted_date, rejected_date, discount_amt, tax_amt, total_amt, terms_text, special_notes) values (10, 10, 10, 10, 10, 215, 3, null, 'NA-Q-2025-0010', 1, null, date '2025-03-13', date '2025-04-12', date '2025-03-25', null, 2520, 2845.8, 36325.8, 'Standard North America commercial terms with annual billing and implementation milestones.', 'Quote aligned to standard package terms.');

insert into crm_quote_lines (quote_line_id, quote_id, line_no, product_id, description, quantity, unit_price, discount_amt, tax_amt, line_amt) values (1, 1, 1, 4, 'North America quote line for product 4', 4, 18000, 5040, 5691.6, 72651.6);
insert into crm_quote_lines (quote_line_id, quote_id, line_no, product_id, description, quantity, unit_price, discount_amt, tax_amt, line_amt) values (2, 1, 2, 7, 'North America quote line for product 7', 2, 16000, 2240, 2529.6, 32289.6);
insert into crm_quote_lines (quote_line_id, quote_id, line_no, product_id, description, quantity, unit_price, discount_amt, tax_amt, line_amt) values (3, 1, 3, 10, 'North America quote line for product 10', 2, 35000, 4900, 5533.5, 70633.5);
insert into crm_quote_lines (quote_line_id, quote_id, line_no, product_id, description, quantity, unit_price, discount_amt, tax_amt, line_amt) values (4, 2, 1, 5, 'North America quote line for product 5', 2, 30000, 4200, 4743, 60543);
insert into crm_quote_lines (quote_line_id, quote_id, line_no, product_id, description, quantity, unit_price, discount_amt, tax_amt, line_amt) values (5, 2, 2, 8, 'North America quote line for product 8', 3, 9000, 1890, 2134.35, 27244.35);
insert into crm_quote_lines (quote_line_id, quote_id, line_no, product_id, description, quantity, unit_price, discount_amt, tax_amt, line_amt) values (6, 2, 3, 11, 'North America quote line for product 11', 3, 18000, 3780, 4268.7, 54488.7);
insert into crm_quote_lines (quote_line_id, quote_id, line_no, product_id, description, quantity, unit_price, discount_amt, tax_amt, line_amt) values (7, 3, 1, 6, 'North America quote line for product 6', 3, 22000, 4620, 5217.3, 66597.3);
insert into crm_quote_lines (quote_line_id, quote_id, line_no, product_id, description, quantity, unit_price, discount_amt, tax_amt, line_amt) values (8, 3, 2, 9, 'North America quote line for product 9', 4, 26000, 7280, 8221.2, 104941.2);
insert into crm_quote_lines (quote_line_id, quote_id, line_no, product_id, description, quantity, unit_price, discount_amt, tax_amt, line_amt) values (9, 3, 3, 12, 'North America quote line for product 12', 1, 14000, 980, 1106.7, 14126.7);
insert into crm_quote_lines (quote_line_id, quote_id, line_no, product_id, description, quantity, unit_price, discount_amt, tax_amt, line_amt) values (10, 4, 1, 7, 'North America quote line for product 7', 4, 16000, 4480, 5059.2, 64579.2);
insert into crm_quote_lines (quote_line_id, quote_id, line_no, product_id, description, quantity, unit_price, discount_amt, tax_amt, line_amt) values (11, 4, 2, 10, 'North America quote line for product 10', 1, 35000, 2450, 2766.75, 35316.75);
insert into crm_quote_lines (quote_line_id, quote_id, line_no, product_id, description, quantity, unit_price, discount_amt, tax_amt, line_amt) values (12, 4, 3, 13, 'North America quote line for product 13', 2, 8000, 1120, 1264.8, 16144.8);
insert into crm_quote_lines (quote_line_id, quote_id, line_no, product_id, description, quantity, unit_price, discount_amt, tax_amt, line_amt) values (13, 5, 1, 8, 'North America quote line for product 8', 2, 9000, 1260, 2176.2, 18916.2);
insert into crm_quote_lines (quote_line_id, quote_id, line_no, product_id, description, quantity, unit_price, discount_amt, tax_amt, line_amt) values (14, 5, 2, 11, 'North America quote line for product 11', 2, 18000, 2520, 4352.4, 37832.4);
insert into crm_quote_lines (quote_line_id, quote_id, line_no, product_id, description, quantity, unit_price, discount_amt, tax_amt, line_amt) values (15, 6, 1, 9, 'North America quote line for product 9', 3, 26000, 5460, 9430.2, 81970.2);
insert into crm_quote_lines (quote_line_id, quote_id, line_no, product_id, description, quantity, unit_price, discount_amt, tax_amt, line_amt) values (16, 6, 2, 12, 'North America quote line for product 12', 3, 14000, 2940, 5077.8, 44137.8);
insert into crm_quote_lines (quote_line_id, quote_id, line_no, product_id, description, quantity, unit_price, discount_amt, tax_amt, line_amt) values (17, 6, 3, 15, 'North America quote line for product 15', 1, 20000, 1400, 2418, 21018);
insert into crm_quote_lines (quote_line_id, quote_id, line_no, product_id, description, quantity, unit_price, discount_amt, tax_amt, line_amt) values (18, 7, 1, 10, 'North America quote line for product 10', 3, 35000, 7350, 15624, 113274);
insert into crm_quote_lines (quote_line_id, quote_id, line_no, product_id, description, quantity, unit_price, discount_amt, tax_amt, line_amt) values (19, 7, 2, 13, 'North America quote line for product 13', 1, 8000, 560, 1190.4, 8630.4);
insert into crm_quote_lines (quote_line_id, quote_id, line_no, product_id, description, quantity, unit_price, discount_amt, tax_amt, line_amt) values (20, 7, 3, 16, 'North America quote line for product 16', 3, 6000, 1260, 2678.4, 19418.4);
insert into crm_quote_lines (quote_line_id, quote_id, line_no, product_id, description, quantity, unit_price, discount_amt, tax_amt, line_amt) values (21, 7, 4, 1, 'North America quote line for product 1', 4, 12000, 3360, 7142.4, 51782.4);
insert into crm_quote_lines (quote_line_id, quote_id, line_no, product_id, description, quantity, unit_price, discount_amt, tax_amt, line_amt) values (22, 8, 1, 11, 'North America quote line for product 11', 1, 18000, 1260, 1422.9, 18162.9);
insert into crm_quote_lines (quote_line_id, quote_id, line_no, product_id, description, quantity, unit_price, discount_amt, tax_amt, line_amt) values (23, 8, 2, 14, 'North America quote line for product 14', 2, 15000, 2100, 2371.5, 30271.5);
insert into crm_quote_lines (quote_line_id, quote_id, line_no, product_id, description, quantity, unit_price, discount_amt, tax_amt, line_amt) values (24, 8, 3, 17, 'North America quote line for product 17', 4, 9000, 2520, 2845.8, 36325.8);
insert into crm_quote_lines (quote_line_id, quote_id, line_no, product_id, description, quantity, unit_price, discount_amt, tax_amt, line_amt) values (25, 9, 1, 12, 'North America quote line for product 12', 2, 14000, 1960, 2213.4, 28253.4);
insert into crm_quote_lines (quote_line_id, quote_id, line_no, product_id, description, quantity, unit_price, discount_amt, tax_amt, line_amt) values (26, 9, 2, 15, 'North America quote line for product 15', 3, 20000, 4200, 4743, 60543);
insert into crm_quote_lines (quote_line_id, quote_id, line_no, product_id, description, quantity, unit_price, discount_amt, tax_amt, line_amt) values (27, 9, 3, 18, 'North America quote line for product 18', 2, 7000, 980, 1106.7, 14126.7);
insert into crm_quote_lines (quote_line_id, quote_id, line_no, product_id, description, quantity, unit_price, discount_amt, tax_amt, line_amt) values (28, 10, 1, 13, 'North America quote line for product 13', 3, 8000, 1680, 1897.2, 24217.2);
insert into crm_quote_lines (quote_line_id, quote_id, line_no, product_id, description, quantity, unit_price, discount_amt, tax_amt, line_amt) values (29, 10, 2, 16, 'North America quote line for product 16', 2, 6000, 840, 948.6, 12108.6);

commit;
-- END 04_crm_schema_pipeline_quotes_part2.sql
prompt [5/9] 05_crm_schema_pipeline_quotes_part3.sql
prompt ------------------------------------------------------------
-- BEGIN 05_crm_schema_pipeline_quotes_part3.sql
-- Seed segment 2: leads, opportunities, pipeline history, quotes, part 3.

set define off;


insert into crm_quote_history (quote_hist_id, quote_id, field_name, old_value, new_value, changed_by_user_id, changed_on) values (1, 1, 'QUOTE_STATUS_ID', 'DRAFT', 'ACCEPTED', 201, date '2025-02-11');
insert into crm_quote_history (quote_hist_id, quote_id, field_name, old_value, new_value, changed_by_user_id, changed_on) values (2, 1, 'TOTAL_AMT', '0', '175574.7', 201, date '2025-02-13');
insert into crm_quote_history (quote_hist_id, quote_id, field_name, old_value, new_value, changed_by_user_id, changed_on) values (3, 2, 'QUOTE_STATUS_ID', 'DRAFT', 'ACCEPTED', 207, date '2025-02-16');
insert into crm_quote_history (quote_hist_id, quote_id, field_name, old_value, new_value, changed_by_user_id, changed_on) values (4, 2, 'TOTAL_AMT', '0', '142276.05', 207, date '2025-02-18');
insert into crm_quote_history (quote_hist_id, quote_id, field_name, old_value, new_value, changed_by_user_id, changed_on) values (5, 3, 'QUOTE_STATUS_ID', 'DRAFT', 'ACCEPTED', 213, date '2025-02-21');
insert into crm_quote_history (quote_hist_id, quote_id, field_name, old_value, new_value, changed_by_user_id, changed_on) values (6, 3, 'TOTAL_AMT', '0', '185665.2', 213, date '2025-02-23');
insert into crm_quote_history (quote_hist_id, quote_id, field_name, old_value, new_value, changed_by_user_id, changed_on) values (7, 4, 'QUOTE_STATUS_ID', 'DRAFT', 'ACCEPTED', 219, date '2025-02-22');
insert into crm_quote_history (quote_hist_id, quote_id, field_name, old_value, new_value, changed_by_user_id, changed_on) values (8, 4, 'TOTAL_AMT', '0', '116040.75', 219, date '2025-02-24');
insert into crm_quote_history (quote_hist_id, quote_id, field_name, old_value, new_value, changed_by_user_id, changed_on) values (9, 5, 'QUOTE_STATUS_ID', 'DRAFT', 'ACCEPTED', 225, date '2025-02-27');
insert into crm_quote_history (quote_hist_id, quote_id, field_name, old_value, new_value, changed_by_user_id, changed_on) values (10, 5, 'TOTAL_AMT', '0', '56748.6', 225, date '2025-03-01');
insert into crm_quote_history (quote_hist_id, quote_id, field_name, old_value, new_value, changed_by_user_id, changed_on) values (11, 6, 'QUOTE_STATUS_ID', 'DRAFT', 'ACCEPTED', 226, date '2025-03-04');
insert into crm_quote_history (quote_hist_id, quote_id, field_name, old_value, new_value, changed_by_user_id, changed_on) values (12, 6, 'TOTAL_AMT', '0', '147126', 226, date '2025-03-06');
insert into crm_quote_history (quote_hist_id, quote_id, field_name, old_value, new_value, changed_by_user_id, changed_on) values (13, 7, 'QUOTE_STATUS_ID', 'DRAFT', 'ACCEPTED', 232, date '2025-03-09');
insert into crm_quote_history (quote_hist_id, quote_id, field_name, old_value, new_value, changed_by_user_id, changed_on) values (14, 7, 'TOTAL_AMT', '0', '193105.2', 232, date '2025-03-11');
insert into crm_quote_history (quote_hist_id, quote_id, field_name, old_value, new_value, changed_by_user_id, changed_on) values (15, 8, 'QUOTE_STATUS_ID', 'DRAFT', 'ACCEPTED', 203, date '2025-03-10');
insert into crm_quote_history (quote_hist_id, quote_id, field_name, old_value, new_value, changed_by_user_id, changed_on) values (16, 8, 'TOTAL_AMT', '0', '84760.2', 203, date '2025-03-12');
insert into crm_quote_history (quote_hist_id, quote_id, field_name, old_value, new_value, changed_by_user_id, changed_on) values (17, 9, 'QUOTE_STATUS_ID', 'DRAFT', 'ACCEPTED', 209, date '2025-03-15');
insert into crm_quote_history (quote_hist_id, quote_id, field_name, old_value, new_value, changed_by_user_id, changed_on) values (18, 9, 'TOTAL_AMT', '0', '102923.1', 209, date '2025-03-17');
insert into crm_quote_history (quote_hist_id, quote_id, field_name, old_value, new_value, changed_by_user_id, changed_on) values (19, 10, 'QUOTE_STATUS_ID', 'DRAFT', 'ACCEPTED', 215, date '2025-03-20');
insert into crm_quote_history (quote_hist_id, quote_id, field_name, old_value, new_value, changed_by_user_id, changed_on) values (20, 10, 'TOTAL_AMT', '0', '36325.8', 215, date '2025-03-22');

update crm_leads l
set lead_subject = (
        select substr(
                   case lt.code
                       when 'HOT' then 'Priority'
                       when 'WARM' then 'Qualified'
                       when 'STRATEGIC' then 'Strategic'
                       else 'Pipeline'
                   end || ' lead ' || to_char(l.lead_id) ||
                   case
                       when a.name is not null then ' - ' || substr(a.name, 1, 120)
                       else ' - Standalone prospect'
                   end,
                   1,
                   255
               )
        from crm_lead_types lt
        left join crm_accounts a
          on a.account_id = l.account_id
        where lt.lead_type_id = l.lead_type_id
    );

update crm_leads
set lead_source_id = case
        when mod(lead_id, 37) = 0 then 10
        when mod(lead_id, 35) = 0 then 9
        when mod(lead_id, 33) = 0 then 8
        else lead_source_id
    end;

update crm_leads l
set converted_opportunity_id = (
        select min(o.opportunity_id)
        from crm_opportunities o
        where o.lead_id = l.lead_id
    )
where exists (
    select 1
    from crm_opportunities o
    where o.lead_id = l.lead_id
);

update crm_opportunities
set next_review_date = case
        when opportunity_stage_id in (7, 8) then nvl(closed_date, current_stage_date)
        when opportunity_stage_id in (5, 6) then nvl(next_action_date, current_stage_date) + 3
        when opportunity_stage_id in (3, 4) then nvl(next_action_date, current_stage_date) + 5
        else nvl(next_action_date, current_stage_date) + 7
    end;

update crm_accounts a
set account_relationship_status_id = (
        select case
                   when exists (
                        select 1
                        from crm_customers c
                        where c.account_id = a.account_id
                          and c.customer_status_id = 3
                   ) then 3
                   when exists (
                        select 1
                        from crm_customers c
                        where c.account_id = a.account_id
                          and c.customer_status_id = 4
                   ) then 4
                   when exists (
                        select 1
                        from crm_customers c
                        where c.account_id = a.account_id
                          and c.customer_status_id in (1, 2)
                   ) then 2
                   else 1
               end
        from dual
    );

insert into crm_opportunity_products (opportunity_product_id, opportunity_id, product_id, interest_rank_no, estimated_quantity, estimated_value_amt, interest_notes)
with latest_quotes as (
    select opportunity_id,
           max(version_no) max_version
    from crm_quotes
    group by opportunity_id
),
quoted_products_raw as (
    select q.opportunity_id,
           ql.product_id,
           min(ql.line_no) min_line_no,
           sum(ql.quantity) estimated_quantity,
           round(sum(ql.line_amt), 2) estimated_value_amt
    from crm_quotes q
    join latest_quotes lq
      on lq.opportunity_id = q.opportunity_id
     and lq.max_version = q.version_no
    join crm_quote_lines ql
      on ql.quote_id = q.quote_id
    group by q.opportunity_id, ql.product_id
),
quoted_products as (
    select opportunity_id,
           product_id,
           row_number() over(partition by opportunity_id order by estimated_value_amt desc, min_line_no, product_id) interest_rank_no,
           estimated_quantity,
           estimated_value_amt,
           'Derived from current quote mix.' interest_notes
    from quoted_products_raw
),
open_products as (
    select o.opportunity_id,
           case ranks.rank_no
               when 1 then mod(o.opportunity_id - 1, 18) + 1
               when 2 then mod(o.opportunity_id + 5, 18) + 1
               else mod(o.opportunity_id + 10, 18) + 1
           end product_id,
           ranks.rank_no interest_rank_no,
           greatest(1, round(o.value_amt * case ranks.rank_no when 1 then 0.55 when 2 then 0.30 else 0.15 end / 12000)) estimated_quantity,
           round(o.value_amt * case ranks.rank_no when 1 then 0.55 when 2 then 0.30 else 0.15 end, 2) estimated_value_amt,
           'Modeled from opportunity value before quote.' interest_notes
    from crm_opportunities o
    cross join (
        select 1 rank_no from dual
        union all
        select 2 from dual
        union all
        select 3 from dual
    ) ranks
    where not exists (
              select 1
              from crm_quotes q
              where q.opportunity_id = o.opportunity_id
          )
      and ranks.rank_no <= case
                               when o.opportunity_category_id in (3, 4) then 3
                               else 2
                           end
),
all_products as (
    select opportunity_id,
           product_id,
           interest_rank_no,
           estimated_quantity,
           estimated_value_amt,
           interest_notes
    from quoted_products
    union all
    select opportunity_id,
           product_id,
           interest_rank_no,
           estimated_quantity,
           estimated_value_amt,
           interest_notes
    from open_products
),
numbered_products as (
    select row_number() over(order by opportunity_id, interest_rank_no, product_id) opportunity_product_id,
           opportunity_id,
           product_id,
           interest_rank_no,
           estimated_quantity,
           estimated_value_amt,
           interest_notes
    from all_products
)
select opportunity_product_id,
       opportunity_id,
       product_id,
       interest_rank_no,
       estimated_quantity,
       estimated_value_amt,
       interest_notes
from numbered_products;


commit;
-- END 05_crm_schema_pipeline_quotes_part3.sql
prompt [6/9] 06_crm_schema_order_to_cash.sql
prompt ------------------------------------------------------------
-- BEGIN 06_crm_schema_order_to_cash.sql
-- Seed segment 3: orders, approvals, bookings, invoices, payments.

set define off;

--------------------------------------------------------------------------------
-- Orders, approvals, bookings, invoices, and payments
--------------------------------------------------------------------------------
insert into crm_orders (order_id, customer_id, quote_id, order_source_id, user_sales_id, order_status_id, approval_status_id, approval_required, order_date, delivery_date, total_amt) values (1, 1, 1, 1, 201, 4, 2, 'Y', date '2025-02-17', date '2025-03-02', 120348.2);
insert into crm_bookings (booking_id, order_id, line_no, product_type_id, product_id, price, quantity, discount_amt, tax_amt, line_amt) values (1, 1, 1, 2, 6, 22000, 4, 5280, 7031.2, 89751.2);
insert into crm_bookings (booking_id, order_id, line_no, product_type_id, product_id, price, quantity, discount_amt, tax_amt, line_amt) values (2, 1, 2, 4, 11, 18000, 1, 1080, 1438.2, 18358.2);
insert into crm_bookings (booking_id, order_id, line_no, product_type_id, product_id, price, quantity, discount_amt, tax_amt, line_amt) values (3, 1, 3, 6, 16, 6000, 2, 720, 958.8, 12238.8);
insert into crm_orders (order_id, customer_id, quote_id, order_source_id, user_sales_id, order_status_id, approval_status_id, approval_required, order_date, delivery_date, total_amt) values (2, 2, 2, 1, 207, 4, null, 'N', date '2025-02-23', date '2025-03-09', 88731.3);
insert into crm_bookings (booking_id, order_id, line_no, product_type_id, product_id, price, quantity, discount_amt, tax_amt, line_amt) values (4, 2, 1, 3, 7, 16000, 2, 1920, 2556.8, 32636.8);
insert into crm_bookings (booking_id, order_id, line_no, product_type_id, product_id, price, quantity, discount_amt, tax_amt, line_amt) values (5, 2, 2, 4, 12, 14000, 2, 1680, 2237.2, 28557.2);
insert into crm_bookings (booking_id, order_id, line_no, product_type_id, product_id, price, quantity, discount_amt, tax_amt, line_amt) values (6, 2, 3, 6, 17, 9000, 3, 1620, 2157.3, 27537.3);
insert into crm_orders (order_id, customer_id, quote_id, order_source_id, user_sales_id, order_status_id, approval_status_id, approval_required, order_date, delivery_date, total_amt) values (3, 3, 3, 1, 213, 4, null, 'N', date '2025-03-01', date '2025-03-16', 59154.2);
insert into crm_bookings (booking_id, order_id, line_no, product_type_id, product_id, price, quantity, discount_amt, tax_amt, line_amt) values (7, 3, 1, 3, 8, 9000, 3, 1620, 2157.3, 27537.3);
insert into crm_bookings (booking_id, order_id, line_no, product_type_id, product_id, price, quantity, discount_amt, tax_amt, line_amt) values (8, 3, 2, 5, 13, 8000, 3, 1440, 1917.6, 24477.6);
insert into crm_bookings (booking_id, order_id, line_no, product_type_id, product_id, price, quantity, discount_amt, tax_amt, line_amt) values (9, 3, 3, 6, 18, 7000, 1, 420, 559.3, 7139.3);
insert into crm_orders (order_id, customer_id, quote_id, order_source_id, user_sales_id, order_status_id, approval_status_id, approval_required, order_date, delivery_date, total_amt) values (4, 4, 4, 1, 219, 4, 2, 'Y', date '2025-03-07', date '2025-03-23', 158084.5);
insert into crm_bookings (booking_id, order_id, line_no, product_type_id, product_id, price, quantity, discount_amt, tax_amt, line_amt) values (10, 4, 1, 3, 9, 26000, 4, 6240, 8309.6, 106069.6);
insert into crm_bookings (booking_id, order_id, line_no, product_type_id, product_id, price, quantity, discount_amt, tax_amt, line_amt) values (11, 4, 2, 5, 14, 15000, 1, 900, 1198.5, 15298.5);
insert into crm_bookings (booking_id, order_id, line_no, product_type_id, product_id, price, quantity, discount_amt, tax_amt, line_amt) values (12, 4, 3, 1, 1, 12000, 3, 2160, 2876.4, 36716.4);
insert into crm_orders (order_id, customer_id, quote_id, order_source_id, user_sales_id, order_status_id, approval_status_id, approval_required, order_date, delivery_date, total_amt) values (5, 5, 5, 1, 225, 4, 2, 'Y', date '2025-03-08', date '2025-03-25', 181636.2);
insert into crm_bookings (booking_id, order_id, line_no, product_type_id, product_id, price, quantity, discount_amt, tax_amt, line_amt) values (13, 5, 1, 4, 10, 35000, 1, 2100, 4277, 37177);
insert into crm_bookings (booking_id, order_id, line_no, product_type_id, product_id, price, quantity, discount_amt, tax_amt, line_amt) values (14, 5, 2, 5, 15, 20000, 2, 2400, 4888, 42488);
insert into crm_bookings (booking_id, order_id, line_no, product_type_id, product_id, price, quantity, discount_amt, tax_amt, line_amt) values (15, 5, 3, 1, 2, 24000, 4, 5760, 11731.2, 101971.2);
insert into crm_orders (order_id, customer_id, quote_id, order_source_id, user_sales_id, order_status_id, approval_status_id, approval_required, order_date, delivery_date, total_amt) values (6, 6, 6, 1, 226, 4, 2, 'Y', date '2025-03-08', date '2025-03-26', 159330);
insert into crm_bookings (booking_id, order_id, line_no, product_type_id, product_id, price, quantity, discount_amt, tax_amt, line_amt) values (16, 6, 1, 4, 11, 18000, 2, 2160, 4399.2, 38239.2);
insert into crm_bookings (booking_id, order_id, line_no, product_type_id, product_id, price, quantity, discount_amt, tax_amt, line_amt) values (17, 6, 2, 6, 16, 6000, 3, 1080, 2199.6, 19119.6);
insert into crm_bookings (booking_id, order_id, line_no, product_type_id, product_id, price, quantity, discount_amt, tax_amt, line_amt) values (18, 6, 3, 1, 3, 48000, 2, 5760, 11731.2, 101971.2);
insert into crm_orders (order_id, customer_id, quote_id, order_source_id, user_sales_id, order_status_id, approval_status_id, approval_required, order_date, delivery_date, total_amt) values (7, 7, 7, 1, 232, 4, 2, 'Y', date '2025-03-14', date '2025-04-02', 114492);
insert into crm_bookings (booking_id, order_id, line_no, product_type_id, product_id, price, quantity, discount_amt, tax_amt, line_amt) values (19, 7, 1, 4, 12, 14000, 3, 2520, 6316.8, 45796.8);
insert into crm_bookings (booking_id, order_id, line_no, product_type_id, product_id, price, quantity, discount_amt, tax_amt, line_amt) values (20, 7, 2, 6, 17, 9000, 1, 540, 1353.6, 9813.6);
insert into crm_bookings (booking_id, order_id, line_no, product_type_id, product_id, price, quantity, discount_amt, tax_amt, line_amt) values (21, 7, 3, 2, 4, 18000, 3, 3240, 8121.6, 58881.6);
insert into crm_orders (order_id, customer_id, quote_id, order_source_id, user_sales_id, order_status_id, approval_status_id, approval_required, order_date, delivery_date, total_amt) values (8, 8, 8, 1, 203, 4, 2, 'Y', date '2025-03-20', date '2025-04-09', 144825.8);
insert into crm_bookings (booking_id, order_id, line_no, product_type_id, product_id, price, quantity, discount_amt, tax_amt, line_amt) values (22, 8, 1, 5, 13, 8000, 1, 480, 639.2, 8159.2);
insert into crm_bookings (booking_id, order_id, line_no, product_type_id, product_id, price, quantity, discount_amt, tax_amt, line_amt) values (23, 8, 2, 6, 18, 7000, 2, 840, 1118.6, 14278.6);
insert into crm_bookings (booking_id, order_id, line_no, product_type_id, product_id, price, quantity, discount_amt, tax_amt, line_amt) values (24, 8, 3, 2, 5, 30000, 4, 7200, 9588, 122388);
insert into crm_orders (order_id, customer_id, quote_id, order_source_id, user_sales_id, order_status_id, approval_status_id, approval_required, order_date, delivery_date, total_amt) values (9, 9, 9, 1, 209, 4, 2, 'Y', date '2025-03-26', date '2025-04-16', 124427.8);
insert into crm_bookings (booking_id, order_id, line_no, product_type_id, product_id, price, quantity, discount_amt, tax_amt, line_amt) values (25, 9, 1, 5, 14, 15000, 2, 1800, 2397, 30597);
insert into crm_bookings (booking_id, order_id, line_no, product_type_id, product_id, price, quantity, discount_amt, tax_amt, line_amt) values (26, 9, 2, 1, 1, 12000, 4, 2880, 3835.2, 48955.2);
insert into crm_bookings (booking_id, order_id, line_no, product_type_id, product_id, price, quantity, discount_amt, tax_amt, line_amt) values (27, 9, 3, 2, 6, 22000, 2, 2640, 3515.6, 44875.6);
insert into crm_orders (order_id, customer_id, quote_id, order_source_id, user_sales_id, order_status_id, approval_status_id, approval_required, order_date, delivery_date, total_amt) values (10, 10, 10, 1, 215, 4, 2, 'Y', date '2025-03-27', date '2025-04-08', 159104.4);
insert into crm_bookings (booking_id, order_id, line_no, product_type_id, product_id, price, quantity, discount_amt, tax_amt, line_amt) values (28, 10, 1, 5, 15, 20000, 3, 3600, 4794, 61194);
insert into crm_bookings (booking_id, order_id, line_no, product_type_id, product_id, price, quantity, discount_amt, tax_amt, line_amt) values (29, 10, 2, 1, 2, 24000, 2, 2880, 3835.2, 48955.2);
insert into crm_bookings (booking_id, order_id, line_no, product_type_id, product_id, price, quantity, discount_amt, tax_amt, line_amt) values (30, 10, 3, 3, 7, 16000, 3, 2880, 3835.2, 48955.2);

insert into crm_booking_history (booking_hist_id, booking_id, field_name, old_value, new_value, changed_by_user_id, changed_on) values (1, 1, 'PRICE', '21340', '22000', 401, date '2025-02-20');
insert into crm_booking_history (booking_hist_id, booking_id, field_name, old_value, new_value, changed_by_user_id, changed_on) values (2, 2, 'PRICE', '17460', '18000', 401, date '2025-02-21');
insert into crm_booking_history (booking_hist_id, booking_id, field_name, old_value, new_value, changed_by_user_id, changed_on) values (3, 3, 'PRICE', '5820', '6000', 401, date '2025-02-22');
insert into crm_booking_history (booking_hist_id, booking_id, field_name, old_value, new_value, changed_by_user_id, changed_on) values (4, 4, 'PRICE', '15520', '16000', 402, date '2025-03-01');
insert into crm_booking_history (booking_hist_id, booking_id, field_name, old_value, new_value, changed_by_user_id, changed_on) values (5, 5, 'PRICE', '13580', '14000', 402, date '2025-03-02');
insert into crm_booking_history (booking_hist_id, booking_id, field_name, old_value, new_value, changed_by_user_id, changed_on) values (6, 6, 'PRICE', '8730', '9000', 402, date '2025-02-25');
insert into crm_booking_history (booking_hist_id, booking_id, field_name, old_value, new_value, changed_by_user_id, changed_on) values (7, 7, 'PRICE', '8730', '9000', 403, date '2025-03-04');
insert into crm_booking_history (booking_hist_id, booking_id, field_name, old_value, new_value, changed_by_user_id, changed_on) values (8, 8, 'PRICE', '7760', '8000', 403, date '2025-03-05');
insert into crm_booking_history (booking_hist_id, booking_id, field_name, old_value, new_value, changed_by_user_id, changed_on) values (9, 9, 'PRICE', '6790', '7000', 403, date '2025-03-06');
insert into crm_booking_history (booking_hist_id, booking_id, field_name, old_value, new_value, changed_by_user_id, changed_on) values (10, 10, 'PRICE', '25220', '26000', 404, date '2025-03-13');
insert into crm_booking_history (booking_hist_id, booking_id, field_name, old_value, new_value, changed_by_user_id, changed_on) values (11, 11, 'PRICE', '14550', '15000', 404, date '2025-03-14');
insert into crm_booking_history (booking_hist_id, booking_id, field_name, old_value, new_value, changed_by_user_id, changed_on) values (12, 12, 'PRICE', '11640', '12000', 404, date '2025-03-09');
insert into crm_booking_history (booking_hist_id, booking_id, field_name, old_value, new_value, changed_by_user_id, changed_on) values (13, 13, 'PRICE', '33950', '35000', 405, date '2025-03-11');
insert into crm_booking_history (booking_hist_id, booking_id, field_name, old_value, new_value, changed_by_user_id, changed_on) values (14, 14, 'PRICE', '19400', '20000', 405, date '2025-03-12');
insert into crm_booking_history (booking_hist_id, booking_id, field_name, old_value, new_value, changed_by_user_id, changed_on) values (15, 15, 'PRICE', '23280', '24000', 405, date '2025-03-13');
insert into crm_booking_history (booking_hist_id, booking_id, field_name, old_value, new_value, changed_by_user_id, changed_on) values (16, 16, 'PRICE', '17460', '18000', 406, date '2025-03-14');
insert into crm_booking_history (booking_hist_id, booking_id, field_name, old_value, new_value, changed_by_user_id, changed_on) values (17, 17, 'PRICE', '5820', '6000', 406, date '2025-03-15');
insert into crm_booking_history (booking_hist_id, booking_id, field_name, old_value, new_value, changed_by_user_id, changed_on) values (18, 18, 'PRICE', '46560', '48000', 406, date '2025-03-10');
insert into crm_booking_history (booking_hist_id, booking_id, field_name, old_value, new_value, changed_by_user_id, changed_on) values (19, 19, 'PRICE', '13580', '14000', 407, date '2025-03-17');
insert into crm_booking_history (booking_hist_id, booking_id, field_name, old_value, new_value, changed_by_user_id, changed_on) values (20, 20, 'PRICE', '8730', '9000', 407, date '2025-03-18');
insert into crm_booking_history (booking_hist_id, booking_id, field_name, old_value, new_value, changed_by_user_id, changed_on) values (21, 21, 'PRICE', '17460', '18000', 407, date '2025-03-19');
insert into crm_booking_history (booking_hist_id, booking_id, field_name, old_value, new_value, changed_by_user_id, changed_on) values (22, 22, 'PRICE', '7760', '8000', 401, date '2025-03-26');
insert into crm_booking_history (booking_hist_id, booking_id, field_name, old_value, new_value, changed_by_user_id, changed_on) values (23, 23, 'PRICE', '6790', '7000', 401, date '2025-03-27');
insert into crm_booking_history (booking_hist_id, booking_id, field_name, old_value, new_value, changed_by_user_id, changed_on) values (24, 24, 'PRICE', '29100', '30000', 401, date '2025-03-22');
insert into crm_booking_history (booking_hist_id, booking_id, field_name, old_value, new_value, changed_by_user_id, changed_on) values (25, 25, 'PRICE', '14550', '15000', 402, date '2025-03-29');
insert into crm_booking_history (booking_hist_id, booking_id, field_name, old_value, new_value, changed_by_user_id, changed_on) values (26, 26, 'PRICE', '11640', '12000', 402, date '2025-03-30');
insert into crm_booking_history (booking_hist_id, booking_id, field_name, old_value, new_value, changed_by_user_id, changed_on) values (27, 27, 'PRICE', '21340', '22000', 402, date '2025-03-31');
insert into crm_booking_history (booking_hist_id, booking_id, field_name, old_value, new_value, changed_by_user_id, changed_on) values (28, 28, 'PRICE', '19400', '20000', 403, date '2025-04-02');
insert into crm_booking_history (booking_hist_id, booking_id, field_name, old_value, new_value, changed_by_user_id, changed_on) values (29, 29, 'PRICE', '23280', '24000', 403, date '2025-04-03');
insert into crm_booking_history (booking_hist_id, booking_id, field_name, old_value, new_value, changed_by_user_id, changed_on) values (30, 30, 'PRICE', '15520', '16000', 403, date '2025-03-29');

insert into crm_approval_actions (approval_action_id, order_id, quote_id, approval_rule_id, approval_status_id, action_seq_no, actor_user_id, action_on, comments) values (1, null, 1, 3, 1, 1, 201, date '2025-02-06', 'Quote submitted for approval.');
insert into crm_approval_actions (approval_action_id, order_id, quote_id, approval_rule_id, approval_status_id, action_seq_no, actor_user_id, action_on, comments) values (2, null, 1, 3, 2, 2, 2, date '2025-02-08', 'Quote approved for commercial release.');
insert into crm_approval_actions (approval_action_id, order_id, quote_id, approval_rule_id, approval_status_id, action_seq_no, actor_user_id, action_on, comments) values (3, null, 2, 2, 1, 1, 207, date '2025-02-10', 'Quote submitted for approval.');
insert into crm_approval_actions (approval_action_id, order_id, quote_id, approval_rule_id, approval_status_id, action_seq_no, actor_user_id, action_on, comments) values (4, null, 2, 2, 2, 2, 3, date '2025-02-12', 'Quote approved for commercial release.');
insert into crm_approval_actions (approval_action_id, order_id, quote_id, approval_rule_id, approval_status_id, action_seq_no, actor_user_id, action_on, comments) values (5, null, 3, 3, 1, 1, 213, date '2025-02-14', 'Quote submitted for approval.');
insert into crm_approval_actions (approval_action_id, order_id, quote_id, approval_rule_id, approval_status_id, action_seq_no, actor_user_id, action_on, comments) values (6, null, 3, 3, 2, 2, 2, date '2025-02-16', 'Quote approved for commercial release.');
insert into crm_approval_actions (approval_action_id, order_id, quote_id, approval_rule_id, approval_status_id, action_seq_no, actor_user_id, action_on, comments) values (7, null, 4, 2, 1, 1, 219, date '2025-02-18', 'Quote submitted for approval.');
insert into crm_approval_actions (approval_action_id, order_id, quote_id, approval_rule_id, approval_status_id, action_seq_no, actor_user_id, action_on, comments) values (8, null, 4, 2, 2, 2, 3, date '2025-02-20', 'Quote approved for commercial release.');
insert into crm_approval_actions (approval_action_id, order_id, quote_id, approval_rule_id, approval_status_id, action_seq_no, actor_user_id, action_on, comments) values (9, null, 6, 2, 1, 1, 226, date '2025-02-26', 'Quote submitted for approval.');
insert into crm_approval_actions (approval_action_id, order_id, quote_id, approval_rule_id, approval_status_id, action_seq_no, actor_user_id, action_on, comments) values (10, null, 6, 2, 2, 2, 3, date '2025-02-28', 'Quote approved for commercial release.');
insert into crm_approval_actions (approval_action_id, order_id, quote_id, approval_rule_id, approval_status_id, action_seq_no, actor_user_id, action_on, comments) values (11, null, 7, 3, 1, 1, 232, date '2025-03-02', 'Quote submitted for approval.');
insert into crm_approval_actions (approval_action_id, order_id, quote_id, approval_rule_id, approval_status_id, action_seq_no, actor_user_id, action_on, comments) values (12, null, 7, 3, 2, 2, 2, date '2025-03-04', 'Quote approved for commercial release.');
insert into crm_approval_actions (approval_action_id, order_id, quote_id, approval_rule_id, approval_status_id, action_seq_no, actor_user_id, action_on, comments) values (13, null, 8, 2, 1, 1, 203, date '2025-03-06', 'Quote submitted for approval.');
insert into crm_approval_actions (approval_action_id, order_id, quote_id, approval_rule_id, approval_status_id, action_seq_no, actor_user_id, action_on, comments) values (14, null, 8, 2, 2, 2, 3, date '2025-03-08', 'Quote approved for commercial release.');
insert into crm_approval_actions (approval_action_id, order_id, quote_id, approval_rule_id, approval_status_id, action_seq_no, actor_user_id, action_on, comments) values (15, null, 9, 2, 1, 1, 209, date '2025-03-10', 'Quote submitted for approval.');
insert into crm_approval_actions (approval_action_id, order_id, quote_id, approval_rule_id, approval_status_id, action_seq_no, actor_user_id, action_on, comments) values (16, null, 9, 2, 2, 2, 3, date '2025-03-12', 'Quote approved for commercial release.');
insert into crm_approval_actions (approval_action_id, order_id, quote_id, approval_rule_id, approval_status_id, action_seq_no, actor_user_id, action_on, comments) values (385, 1, null, 5, 1, 1, 201, date '2025-02-18', 'Order submitted for approval.');
insert into crm_approval_actions (approval_action_id, order_id, quote_id, approval_rule_id, approval_status_id, action_seq_no, actor_user_id, action_on, comments) values (386, 1, null, 5, 2, 2, 3, date '2025-02-20', 'Order approved for fulfillment.');
insert into crm_approval_actions (approval_action_id, order_id, quote_id, approval_rule_id, approval_status_id, action_seq_no, actor_user_id, action_on, comments) values (387, 4, null, 5, 1, 1, 219, date '2025-03-08', 'Order submitted for approval.');
insert into crm_approval_actions (approval_action_id, order_id, quote_id, approval_rule_id, approval_status_id, action_seq_no, actor_user_id, action_on, comments) values (388, 4, null, 5, 2, 2, 3, date '2025-03-10', 'Order approved for fulfillment.');
insert into crm_approval_actions (approval_action_id, order_id, quote_id, approval_rule_id, approval_status_id, action_seq_no, actor_user_id, action_on, comments) values (389, 5, null, 5, 1, 1, 225, date '2025-03-09', 'Order submitted for approval.');
insert into crm_approval_actions (approval_action_id, order_id, quote_id, approval_rule_id, approval_status_id, action_seq_no, actor_user_id, action_on, comments) values (390, 5, null, 5, 2, 2, 3, date '2025-03-11', 'Order approved for fulfillment.');
insert into crm_approval_actions (approval_action_id, order_id, quote_id, approval_rule_id, approval_status_id, action_seq_no, actor_user_id, action_on, comments) values (391, 6, null, 5, 1, 1, 226, date '2025-03-09', 'Order submitted for approval.');
insert into crm_approval_actions (approval_action_id, order_id, quote_id, approval_rule_id, approval_status_id, action_seq_no, actor_user_id, action_on, comments) values (392, 6, null, 5, 2, 2, 3, date '2025-03-11', 'Order approved for fulfillment.');
insert into crm_approval_actions (approval_action_id, order_id, quote_id, approval_rule_id, approval_status_id, action_seq_no, actor_user_id, action_on, comments) values (393, 7, null, 5, 1, 1, 232, date '2025-03-15', 'Order submitted for approval.');
insert into crm_approval_actions (approval_action_id, order_id, quote_id, approval_rule_id, approval_status_id, action_seq_no, actor_user_id, action_on, comments) values (394, 7, null, 5, 2, 2, 3, date '2025-03-17', 'Order approved for fulfillment.');
insert into crm_approval_actions (approval_action_id, order_id, quote_id, approval_rule_id, approval_status_id, action_seq_no, actor_user_id, action_on, comments) values (395, 8, null, 5, 1, 1, 203, date '2025-03-21', 'Order submitted for approval.');
insert into crm_approval_actions (approval_action_id, order_id, quote_id, approval_rule_id, approval_status_id, action_seq_no, actor_user_id, action_on, comments) values (396, 8, null, 5, 2, 2, 3, date '2025-03-23', 'Order approved for fulfillment.');
insert into crm_approval_actions (approval_action_id, order_id, quote_id, approval_rule_id, approval_status_id, action_seq_no, actor_user_id, action_on, comments) values (397, 9, null, 5, 1, 1, 209, date '2025-03-27', 'Order submitted for approval.');
insert into crm_approval_actions (approval_action_id, order_id, quote_id, approval_rule_id, approval_status_id, action_seq_no, actor_user_id, action_on, comments) values (398, 9, null, 5, 2, 2, 3, date '2025-03-29', 'Order approved for fulfillment.');
insert into crm_approval_actions (approval_action_id, order_id, quote_id, approval_rule_id, approval_status_id, action_seq_no, actor_user_id, action_on, comments) values (399, 10, null, 5, 1, 1, 215, date '2025-03-28', 'Order submitted for approval.');
insert into crm_approval_actions (approval_action_id, order_id, quote_id, approval_rule_id, approval_status_id, action_seq_no, actor_user_id, action_on, comments) values (400, 10, null, 5, 2, 2, 3, date '2025-03-30', 'Order approved for fulfillment.');

insert into crm_invoices (invoice_id, order_id, invoice_no, invoice_status_id, invoice_date, due_date, tax_amt, total_amt, paid_amt, outstanding_amt) values (1, 1, 'NA-INV-2025-00001', 4, date '2025-02-23', date '2025-03-25', 9428.2, 120348.2, 120348.2, 0);
insert into crm_invoices (invoice_id, order_id, invoice_no, invoice_status_id, invoice_date, due_date, tax_amt, total_amt, paid_amt, outstanding_amt) values (2, 2, 'NA-INV-2025-00002', 4, date '2025-03-02', date '2025-04-01', 6951.3, 88731.3, 88731.3, 0);
insert into crm_invoices (invoice_id, order_id, invoice_no, invoice_status_id, invoice_date, due_date, tax_amt, total_amt, paid_amt, outstanding_amt) values (3, 3, 'NA-INV-2025-00003', 4, date '2025-03-09', date '2025-04-08', 4634.2, 59154.2, 59154.2, 0);
insert into crm_invoices (invoice_id, order_id, invoice_no, invoice_status_id, invoice_date, due_date, tax_amt, total_amt, paid_amt, outstanding_amt) values (4, 4, 'NA-INV-2025-00004', 4, date '2025-03-12', date '2025-04-11', 12384.5, 158084.5, 158084.5, 0);
insert into crm_invoices (invoice_id, order_id, invoice_no, invoice_status_id, invoice_date, due_date, tax_amt, total_amt, paid_amt, outstanding_amt) values (5, 5, 'NA-INV-2025-00005', 4, date '2025-03-14', date '2025-04-13', 20896.2, 181636.2, 181636.2, 0);
insert into crm_invoices (invoice_id, order_id, invoice_no, invoice_status_id, invoice_date, due_date, tax_amt, total_amt, paid_amt, outstanding_amt) values (6, 6, 'NA-INV-2025-00006', 4, date '2025-03-15', date '2025-04-14', 18330, 159330, 159330, 0);
insert into crm_invoices (invoice_id, order_id, invoice_no, invoice_status_id, invoice_date, due_date, tax_amt, total_amt, paid_amt, outstanding_amt) values (7, 7, 'NA-INV-2025-00007', 4, date '2025-03-22', date '2025-04-16', 15792, 114492, 114492, 0);
insert into crm_invoices (invoice_id, order_id, invoice_no, invoice_status_id, invoice_date, due_date, tax_amt, total_amt, paid_amt, outstanding_amt) values (8, 8, 'NA-INV-2025-00008', 4, date '2025-03-25', date '2025-04-24', 11345.8, 144825.8, 144825.8, 0);
insert into crm_invoices (invoice_id, order_id, invoice_no, invoice_status_id, invoice_date, due_date, tax_amt, total_amt, paid_amt, outstanding_amt) values (9, 9, 'NA-INV-2025-00009', 4, date '2025-04-01', date '2025-05-01', 9747.8, 124427.8, 124427.8, 0);
insert into crm_invoices (invoice_id, order_id, invoice_no, invoice_status_id, invoice_date, due_date, tax_amt, total_amt, paid_amt, outstanding_amt) values (10, 10, 'NA-INV-2025-00010', 4, date '2025-04-03', date '2025-05-03', 12464.4, 159104.4, 159104.4, 0);

insert into crm_payments (payment_id, invoice_id, pay_date, pay_amt, payment_mode_id, payment_status_id, reference_no) values (1, 1, date '2025-03-06', 120348.2, 1, 2, 'NA-PAY-000001');
insert into crm_payments (payment_id, invoice_id, pay_date, pay_amt, payment_mode_id, payment_status_id, reference_no) values (2, 2, date '2025-03-14', 88731.3, 2, 2, 'NA-PAY-000002');
insert into crm_payments (payment_id, invoice_id, pay_date, pay_amt, payment_mode_id, payment_status_id, reference_no) values (3, 3, date '2025-03-22', 59154.2, 3, 2, 'NA-PAY-000003');
insert into crm_payments (payment_id, invoice_id, pay_date, pay_amt, payment_mode_id, payment_status_id, reference_no) values (4, 4, date '2025-03-26', 158084.5, 4, 2, 'NA-PAY-000004');
insert into crm_payments (payment_id, invoice_id, pay_date, pay_amt, payment_mode_id, payment_status_id, reference_no) values (5, 5, date '2025-03-24', 181636.2, 5, 2, 'NA-PAY-000005');
insert into crm_payments (payment_id, invoice_id, pay_date, pay_amt, payment_mode_id, payment_status_id, reference_no) values (6, 6, date '2025-03-26', 159330, 1, 2, 'NA-PAY-000006');
insert into crm_payments (payment_id, invoice_id, pay_date, pay_amt, payment_mode_id, payment_status_id, reference_no) values (7, 7, date '2025-04-03', 114492, 2, 2, 'NA-PAY-000007');
insert into crm_payments (payment_id, invoice_id, pay_date, pay_amt, payment_mode_id, payment_status_id, reference_no) values (8, 8, date '2025-04-07', 144825.8, 3, 2, 'NA-PAY-000008');
insert into crm_payments (payment_id, invoice_id, pay_date, pay_amt, payment_mode_id, payment_status_id, reference_no) values (9, 9, date '2025-04-15', 124427.8, 4, 2, 'NA-PAY-000009');
insert into crm_payments (payment_id, invoice_id, pay_date, pay_amt, payment_mode_id, payment_status_id, reference_no) values (10, 10, date '2025-04-13', 159104.4, 5, 2, 'NA-PAY-000010');

insert into crm_order_history (order_hist_id, order_id, field_name, old_value, new_value, changed_by_user_id, changed_on)
with order_events as (
    select o.order_id,
           'ORDER_STATUS_ID' field_name,
           case
               when o.approval_required = 'Y' then 'PENDING_APPROVAL'
               else 'CONFIRMED'
           end old_value,
           os.code new_value,
           o.user_sales_id changed_by_user_id,
           o.order_date + case when o.approval_required = 'Y' then 2 else 1 end changed_on
    from crm_orders o
    join crm_order_statuses os
      on os.order_status_id = o.order_status_id
    union all
    select o.order_id,
           'DELIVERY_DATE',
           to_char(o.order_date + case when o.approval_required = 'Y' then 10 else 7 end, 'YYYY-MM-DD'),
           to_char(o.delivery_date, 'YYYY-MM-DD'),
           o.user_sales_id,
           o.order_date + case when o.approval_required = 'Y' then 4 else 2 end
    from crm_orders o
    where o.delivery_date is not null
)
select row_number() over(order by order_id, field_name, changed_on),
       order_id,
       field_name,
       old_value,
       new_value,
       changed_by_user_id,
       changed_on
from order_events;

insert into crm_invoice_history (invoice_hist_id, invoice_id, field_name, old_value, new_value, changed_by_user_id, changed_on)
with invoice_events as (
    select i.invoice_id,
           'INVOICE_STATUS_ID' field_name,
           case
               when nvl(i.paid_amt, 0) > 0 then 'ISSUED'
               else 'DRAFT'
           end old_value,
           s.code new_value,
           fu.user_id changed_by_user_id,
           i.invoice_date + 1 changed_on
    from crm_invoices i
    join crm_invoice_statuses s
      on s.invoice_status_id = i.invoice_status_id
    join crm_orders o
      on o.order_id = i.order_id
    join crm_customers c
      on c.customer_id = o.customer_id
    join crm_users fu
      on fu.role_id = 5
     and fu.branch_id = c.branch_id
    union all
    select i.invoice_id,
           'OUTSTANDING_AMT',
           to_char(nvl(i.total_amt, 0), 'FM9999999990D00'),
           to_char(nvl(i.outstanding_amt, 0), 'FM9999999990D00'),
           fu.user_id,
           nvl(i.due_date, i.invoice_date) + 1
    from crm_invoices i
    join crm_orders o
      on o.order_id = i.order_id
    join crm_customers c
      on c.customer_id = o.customer_id
    join crm_users fu
      on fu.role_id = 5
     and fu.branch_id = c.branch_id
    where nvl(i.outstanding_amt, 0) <> nvl(i.total_amt, 0)
)
select row_number() over(order by invoice_id, field_name, changed_on),
       invoice_id,
       field_name,
       old_value,
       new_value,
       changed_by_user_id,
       changed_on
from invoice_events;

insert into crm_payment_history (payment_hist_id, payment_id, field_name, old_value, new_value, changed_by_user_id, changed_on)
with payment_events as (
    select p.payment_id,
           'REFERENCE_NO' field_name,
           null old_value,
           p.reference_no new_value,
           fu.user_id changed_by_user_id,
           p.pay_date changed_on
    from crm_payments p
    join crm_invoices i
      on i.invoice_id = p.invoice_id
    join crm_orders o
      on o.order_id = i.order_id
    join crm_customers c
      on c.customer_id = o.customer_id
    join crm_users fu
      on fu.role_id = 5
     and fu.branch_id = c.branch_id
    union all
    select p.payment_id,
           'PAYMENT_STATUS_ID',
           'PENDING',
           ps.code,
           fu.user_id,
           p.pay_date + case when ps.code in ('FAILED', 'REVERSED') then 1 else 0 end
    from crm_payments p
    join crm_payment_statuses ps
      on ps.payment_status_id = p.payment_status_id
    join crm_invoices i
      on i.invoice_id = p.invoice_id
    join crm_orders o
      on o.order_id = i.order_id
    join crm_customers c
      on c.customer_id = o.customer_id
    join crm_users fu
      on fu.role_id = 5
     and fu.branch_id = c.branch_id
    where ps.code <> 'PENDING'
)
select row_number() over(order by payment_id, field_name, changed_on),
       payment_id,
       field_name,
       old_value,
       new_value,
       changed_by_user_id,
       changed_on
from payment_events;

commit;
-- END 06_crm_schema_order_to_cash.sql
prompt [7/9] 07_crm_schema_activities_targets_part1.sql
prompt ------------------------------------------------------------
-- BEGIN 07_crm_schema_activities_targets_part1.sql
-- Seed segment 4: activities, activity relations, targets, forecasts, part 1.

set define off;

--------------------------------------------------------------------------------
-- Activities and activity relations
--------------------------------------------------------------------------------
insert into crm_activities (activity_id, activity_type_id, activity_status_id, activity_outcome_id, owner_user_id, assigned_user_id, subject, detail, scheduled_start_on, scheduled_end_on, due_on, completed_on, reminder_on) values (1, 1, 1, null, 201, 201, 'Lead qualification touchpoint #1', 'North America activity generated for lead record 1.', date '2025-01-07', date '2025-01-08', date '2025-01-10', null, date '2025-01-06');
insert into crm_activity_relations (activity_relation_id, activity_id, related_entity_type, related_entity_id, is_primary) values (1, 1, 'LEAD', 1, 'Y');
insert into crm_activities (activity_id, activity_type_id, activity_status_id, activity_outcome_id, owner_user_id, assigned_user_id, subject, detail, scheduled_start_on, scheduled_end_on, due_on, completed_on, reminder_on) values (2, 2, 1, null, 207, 207, 'Lead qualification touchpoint #2', 'North America activity generated for lead record 2.', date '2025-01-09', date '2025-01-10', date '2025-01-13', null, date '2025-01-08');
insert into crm_activity_relations (activity_relation_id, activity_id, related_entity_type, related_entity_id, is_primary) values (2, 2, 'LEAD', 2, 'Y');
insert into crm_activities (activity_id, activity_type_id, activity_status_id, activity_outcome_id, owner_user_id, assigned_user_id, subject, detail, scheduled_start_on, scheduled_end_on, due_on, completed_on, reminder_on) values (3, 3, 1, null, 213, 213, 'Lead qualification touchpoint #3', 'North America activity generated for lead record 3.', date '2025-01-11', date '2025-01-12', date '2025-01-16', null, date '2025-01-10');
insert into crm_activity_relations (activity_relation_id, activity_id, related_entity_type, related_entity_id, is_primary) values (3, 3, 'LEAD', 3, 'Y');
insert into crm_activities (activity_id, activity_type_id, activity_status_id, activity_outcome_id, owner_user_id, assigned_user_id, subject, detail, scheduled_start_on, scheduled_end_on, due_on, completed_on, reminder_on) values (4, 4, 2, 4, 219, 219, 'Lead qualification touchpoint #4', 'North America activity generated for lead record 4.', date '2025-01-13', date '2025-01-14', date '2025-01-19', date '2025-01-18', date '2025-01-12');
insert into crm_activity_relations (activity_relation_id, activity_id, related_entity_type, related_entity_id, is_primary) values (4, 4, 'LEAD', 4, 'Y');
insert into crm_activities (activity_id, activity_type_id, activity_status_id, activity_outcome_id, owner_user_id, assigned_user_id, subject, detail, scheduled_start_on, scheduled_end_on, due_on, completed_on, reminder_on) values (5, 5, 1, null, 225, 225, 'Lead qualification touchpoint #5', 'North America activity generated for lead record 5.', date '2025-01-15', date '2025-01-16', date '2025-01-17', null, date '2025-01-14');
insert into crm_activity_relations (activity_relation_id, activity_id, related_entity_type, related_entity_id, is_primary) values (5, 5, 'LEAD', 5, 'Y');
insert into crm_activities (activity_id, activity_type_id, activity_status_id, activity_outcome_id, owner_user_id, assigned_user_id, subject, detail, scheduled_start_on, scheduled_end_on, due_on, completed_on, reminder_on) values (6, 6, 4, 3, 226, 106, 'Lead qualification touchpoint #6', 'North America activity generated for lead record 6.', date '2025-01-17', date '2025-01-18', date '2025-01-20', null, date '2025-01-16');
insert into crm_activity_relations (activity_relation_id, activity_id, related_entity_type, related_entity_id, is_primary) values (6, 6, 'LEAD', 6, 'Y');
insert into crm_activities (activity_id, activity_type_id, activity_status_id, activity_outcome_id, owner_user_id, assigned_user_id, subject, detail, scheduled_start_on, scheduled_end_on, due_on, completed_on, reminder_on) values (7, 1, 1, null, 232, 232, 'Lead qualification touchpoint #7', 'North America activity generated for lead record 7.', date '2025-01-19', date '2025-01-20', date '2025-01-23', null, date '2025-01-18');
insert into crm_activity_relations (activity_relation_id, activity_id, related_entity_type, related_entity_id, is_primary) values (7, 7, 'LEAD', 7, 'Y');
insert into crm_activities (activity_id, activity_type_id, activity_status_id, activity_outcome_id, owner_user_id, assigned_user_id, subject, detail, scheduled_start_on, scheduled_end_on, due_on, completed_on, reminder_on) values (8, 2, 2, 2, 203, 203, 'Lead qualification touchpoint #8', 'North America activity generated for lead record 8.', date '2025-01-21', date '2025-01-22', date '2025-01-26', date '2025-01-25', date '2025-01-20');
insert into crm_activity_relations (activity_relation_id, activity_id, related_entity_type, related_entity_id, is_primary) values (8, 8, 'LEAD', 8, 'Y');
insert into crm_activities (activity_id, activity_type_id, activity_status_id, activity_outcome_id, owner_user_id, assigned_user_id, subject, detail, scheduled_start_on, scheduled_end_on, due_on, completed_on, reminder_on) values (9, 3, 1, null, 209, 209, 'Lead qualification touchpoint #9', 'North America activity generated for lead record 9.', date '2025-01-23', date '2025-01-24', date '2025-01-29', null, date '2025-01-22');
insert into crm_activity_relations (activity_relation_id, activity_id, related_entity_type, related_entity_id, is_primary) values (9, 9, 'LEAD', 9, 'Y');
insert into crm_activities (activity_id, activity_type_id, activity_status_id, activity_outcome_id, owner_user_id, assigned_user_id, subject, detail, scheduled_start_on, scheduled_end_on, due_on, completed_on, reminder_on) values (10, 4, 1, null, 215, 215, 'Lead qualification touchpoint #10', 'North America activity generated for lead record 10.', date '2025-01-25', date '2025-01-26', date '2025-01-27', null, date '2025-01-24');
insert into crm_activity_relations (activity_relation_id, activity_id, related_entity_type, related_entity_id, is_primary) values (10, 10, 'LEAD', 10, 'Y');
insert into crm_activities (activity_id, activity_type_id, activity_status_id, activity_outcome_id, owner_user_id, assigned_user_id, subject, detail, scheduled_start_on, scheduled_end_on, due_on, completed_on, reminder_on) values (421, 1, 1, null, 201, 201, 'Opportunity checkpoint #1', 'North America activity generated for opportunity record 1.', date '2025-01-07', date '2025-01-08', date '2025-01-10', null, date '2025-01-06');
insert into crm_activity_relations (activity_relation_id, activity_id, related_entity_type, related_entity_id, is_primary) values (421, 421, 'OPPORTUNITY', 1, 'Y');
insert into crm_activities (activity_id, activity_type_id, activity_status_id, activity_outcome_id, owner_user_id, assigned_user_id, subject, detail, scheduled_start_on, scheduled_end_on, due_on, completed_on, reminder_on) values (422, 2, 1, null, 207, 207, 'Opportunity checkpoint #2', 'North America activity generated for opportunity record 2.', date '2025-01-09', date '2025-01-10', date '2025-01-13', null, date '2025-01-08');
insert into crm_activity_relations (activity_relation_id, activity_id, related_entity_type, related_entity_id, is_primary) values (422, 422, 'OPPORTUNITY', 2, 'Y');
insert into crm_activities (activity_id, activity_type_id, activity_status_id, activity_outcome_id, owner_user_id, assigned_user_id, subject, detail, scheduled_start_on, scheduled_end_on, due_on, completed_on, reminder_on) values (423, 3, 1, null, 213, 213, 'Opportunity checkpoint #3', 'North America activity generated for opportunity record 3.', date '2025-01-11', date '2025-01-12', date '2025-01-16', null, date '2025-01-10');
insert into crm_activity_relations (activity_relation_id, activity_id, related_entity_type, related_entity_id, is_primary) values (423, 423, 'OPPORTUNITY', 3, 'Y');
insert into crm_activities (activity_id, activity_type_id, activity_status_id, activity_outcome_id, owner_user_id, assigned_user_id, subject, detail, scheduled_start_on, scheduled_end_on, due_on, completed_on, reminder_on) values (424, 4, 2, 4, 219, 219, 'Opportunity checkpoint #4', 'North America activity generated for opportunity record 4.', date '2025-01-13', date '2025-01-14', date '2025-01-19', date '2025-01-18', date '2025-01-12');
insert into crm_activity_relations (activity_relation_id, activity_id, related_entity_type, related_entity_id, is_primary) values (424, 424, 'OPPORTUNITY', 4, 'Y');
insert into crm_activities (activity_id, activity_type_id, activity_status_id, activity_outcome_id, owner_user_id, assigned_user_id, subject, detail, scheduled_start_on, scheduled_end_on, due_on, completed_on, reminder_on) values (425, 5, 1, null, 225, 225, 'Opportunity checkpoint #5', 'North America activity generated for opportunity record 5.', date '2025-01-15', date '2025-01-16', date '2025-01-17', null, date '2025-01-14');
insert into crm_activity_relations (activity_relation_id, activity_id, related_entity_type, related_entity_id, is_primary) values (425, 425, 'OPPORTUNITY', 5, 'Y');
insert into crm_activities (activity_id, activity_type_id, activity_status_id, activity_outcome_id, owner_user_id, assigned_user_id, subject, detail, scheduled_start_on, scheduled_end_on, due_on, completed_on, reminder_on) values (426, 6, 4, 3, 226, 106, 'Opportunity checkpoint #6', 'North America activity generated for opportunity record 6.', date '2025-01-17', date '2025-01-18', date '2025-01-20', null, date '2025-01-16');
insert into crm_activity_relations (activity_relation_id, activity_id, related_entity_type, related_entity_id, is_primary) values (426, 426, 'OPPORTUNITY', 6, 'Y');
insert into crm_activities (activity_id, activity_type_id, activity_status_id, activity_outcome_id, owner_user_id, assigned_user_id, subject, detail, scheduled_start_on, scheduled_end_on, due_on, completed_on, reminder_on) values (427, 1, 1, null, 232, 232, 'Opportunity checkpoint #7', 'North America activity generated for opportunity record 7.', date '2025-01-19', date '2025-01-20', date '2025-01-23', null, date '2025-01-18');
insert into crm_activity_relations (activity_relation_id, activity_id, related_entity_type, related_entity_id, is_primary) values (427, 427, 'OPPORTUNITY', 7, 'Y');
insert into crm_activities (activity_id, activity_type_id, activity_status_id, activity_outcome_id, owner_user_id, assigned_user_id, subject, detail, scheduled_start_on, scheduled_end_on, due_on, completed_on, reminder_on) values (428, 2, 2, 2, 203, 203, 'Opportunity checkpoint #8', 'North America activity generated for opportunity record 8.', date '2025-01-21', date '2025-01-22', date '2025-01-26', date '2025-01-25', date '2025-01-20');
insert into crm_activity_relations (activity_relation_id, activity_id, related_entity_type, related_entity_id, is_primary) values (428, 428, 'OPPORTUNITY', 8, 'Y');
insert into crm_activities (activity_id, activity_type_id, activity_status_id, activity_outcome_id, owner_user_id, assigned_user_id, subject, detail, scheduled_start_on, scheduled_end_on, due_on, completed_on, reminder_on) values (429, 3, 3, null, 209, 209, 'Opportunity checkpoint #9', 'North America activity generated for opportunity record 9.', date '2025-01-23', date '2025-01-24', date '2025-01-29', null, date '2025-01-22');
insert into crm_activity_relations (activity_relation_id, activity_id, related_entity_type, related_entity_id, is_primary) values (429, 429, 'OPPORTUNITY', 9, 'Y');
insert into crm_activities (activity_id, activity_type_id, activity_status_id, activity_outcome_id, owner_user_id, assigned_user_id, subject, detail, scheduled_start_on, scheduled_end_on, due_on, completed_on, reminder_on) values (430, 4, 1, null, 215, 215, 'Opportunity checkpoint #10', 'North America activity generated for opportunity record 10.', date '2025-01-25', date '2025-01-26', date '2025-01-27', null, date '2025-01-24');
insert into crm_activity_relations (activity_relation_id, activity_id, related_entity_type, related_entity_id, is_primary) values (430, 430, 'OPPORTUNITY', 10, 'Y');
insert into crm_activities (activity_id, activity_type_id, activity_status_id, activity_outcome_id, owner_user_id, assigned_user_id, subject, detail, scheduled_start_on, scheduled_end_on, due_on, completed_on, reminder_on) values (701, 5, 1, null, 201, 201, 'Customer relationship check-in #1', 'North America activity generated for customer record 1.', date '2025-05-27', date '2025-05-28', date '2025-05-30', null, date '2025-05-26');
insert into crm_activity_relations (activity_relation_id, activity_id, related_entity_type, related_entity_id, is_primary) values (701, 701, 'CUSTOMER', 1, 'Y');
insert into crm_activities (activity_id, activity_type_id, activity_status_id, activity_outcome_id, owner_user_id, assigned_user_id, subject, detail, scheduled_start_on, scheduled_end_on, due_on, completed_on, reminder_on) values (702, 6, 4, 3, 207, 102, 'Customer relationship check-in #2', 'North America activity generated for customer record 2.', date '2025-05-29', date '2025-05-30', date '2025-06-02', null, date '2025-05-28');
insert into crm_activity_relations (activity_relation_id, activity_id, related_entity_type, related_entity_id, is_primary) values (702, 702, 'CUSTOMER', 2, 'Y');
insert into crm_activities (activity_id, activity_type_id, activity_status_id, activity_outcome_id, owner_user_id, assigned_user_id, subject, detail, scheduled_start_on, scheduled_end_on, due_on, completed_on, reminder_on) values (703, 1, 1, null, 213, 213, 'Customer relationship check-in #3', 'North America activity generated for customer record 3.', date '2025-05-31', date '2025-06-01', date '2025-06-05', null, date '2025-05-30');
insert into crm_activity_relations (activity_relation_id, activity_id, related_entity_type, related_entity_id, is_primary) values (703, 703, 'CUSTOMER', 3, 'Y');
insert into crm_activities (activity_id, activity_type_id, activity_status_id, activity_outcome_id, owner_user_id, assigned_user_id, subject, detail, scheduled_start_on, scheduled_end_on, due_on, completed_on, reminder_on) values (704, 2, 3, null, 219, 219, 'Customer relationship check-in #4', 'North America activity generated for customer record 4.', date '2025-06-02', date '2025-06-03', date '2025-06-08', null, date '2025-06-01');
insert into crm_activity_relations (activity_relation_id, activity_id, related_entity_type, related_entity_id, is_primary) values (704, 704, 'CUSTOMER', 4, 'Y');
insert into crm_activities (activity_id, activity_type_id, activity_status_id, activity_outcome_id, owner_user_id, assigned_user_id, subject, detail, scheduled_start_on, scheduled_end_on, due_on, completed_on, reminder_on) values (705, 3, 1, null, 225, 405, 'Customer relationship check-in #5', 'North America activity generated for customer record 5.', date '2025-06-04', date '2025-06-05', date '2025-06-06', null, date '2025-06-03');
insert into crm_activity_relations (activity_relation_id, activity_id, related_entity_type, related_entity_id, is_primary) values (705, 705, 'CUSTOMER', 5, 'Y');
insert into crm_activities (activity_id, activity_type_id, activity_status_id, activity_outcome_id, owner_user_id, assigned_user_id, subject, detail, scheduled_start_on, scheduled_end_on, due_on, completed_on, reminder_on) values (706, 4, 1, null, 226, 226, 'Customer relationship check-in #6', 'North America activity generated for customer record 6.', date '2025-06-06', date '2025-06-07', date '2025-06-09', null, date '2025-06-05');
insert into crm_activity_relations (activity_relation_id, activity_id, related_entity_type, related_entity_id, is_primary) values (706, 706, 'CUSTOMER', 6, 'Y');
insert into crm_activities (activity_id, activity_type_id, activity_status_id, activity_outcome_id, owner_user_id, assigned_user_id, subject, detail, scheduled_start_on, scheduled_end_on, due_on, completed_on, reminder_on) values (707, 5, 1, null, 232, 232, 'Customer relationship check-in #7', 'North America activity generated for customer record 7.', date '2025-06-08', date '2025-06-09', date '2025-06-12', null, date '2025-06-07');
insert into crm_activity_relations (activity_relation_id, activity_id, related_entity_type, related_entity_id, is_primary) values (707, 707, 'CUSTOMER', 7, 'Y');
insert into crm_activities (activity_id, activity_type_id, activity_status_id, activity_outcome_id, owner_user_id, assigned_user_id, subject, detail, scheduled_start_on, scheduled_end_on, due_on, completed_on, reminder_on) values (708, 6, 2, 6, 203, 101, 'Customer relationship check-in #8', 'North America activity generated for customer record 8.', date '2025-06-10', date '2025-06-11', date '2025-06-15', date '2025-06-14', date '2025-06-09');
insert into crm_activity_relations (activity_relation_id, activity_id, related_entity_type, related_entity_id, is_primary) values (708, 708, 'CUSTOMER', 8, 'Y');
insert into crm_activities (activity_id, activity_type_id, activity_status_id, activity_outcome_id, owner_user_id, assigned_user_id, subject, detail, scheduled_start_on, scheduled_end_on, due_on, completed_on, reminder_on) values (709, 1, 1, null, 209, 209, 'Customer relationship check-in #9', 'North America activity generated for customer record 9.', date '2025-06-12', date '2025-06-13', date '2025-06-18', null, date '2025-06-11');
insert into crm_activity_relations (activity_relation_id, activity_id, related_entity_type, related_entity_id, is_primary) values (709, 709, 'CUSTOMER', 9, 'Y');
insert into crm_activities (activity_id, activity_type_id, activity_status_id, activity_outcome_id, owner_user_id, assigned_user_id, subject, detail, scheduled_start_on, scheduled_end_on, due_on, completed_on, reminder_on) values (710, 2, 1, null, 215, 403, 'Customer relationship check-in #10', 'North America activity generated for customer record 10.', date '2025-06-14', date '2025-06-15', date '2025-06-16', null, date '2025-06-13');
insert into crm_activity_relations (activity_relation_id, activity_id, related_entity_type, related_entity_id, is_primary) values (710, 710, 'CUSTOMER', 10, 'Y');
insert into crm_activities (activity_id, activity_type_id, activity_status_id, activity_outcome_id, owner_user_id, assigned_user_id, subject, detail, scheduled_start_on, scheduled_end_on, due_on, completed_on, reminder_on) values (821, 5, 1, null, 201, 201, 'Quote follow-up #1', 'North America activity generated for quote record 1.', date '2026-01-22', date '2026-01-23', date '2026-01-25', null, date '2026-01-21');
insert into crm_activity_relations (activity_relation_id, activity_id, related_entity_type, related_entity_id, is_primary) values (821, 821, 'QUOTE', 1, 'Y');
insert into crm_activities (activity_id, activity_type_id, activity_status_id, activity_outcome_id, owner_user_id, assigned_user_id, subject, detail, scheduled_start_on, scheduled_end_on, due_on, completed_on, reminder_on) values (822, 6, 4, 3, 207, 102, 'Quote follow-up #2', 'North America activity generated for quote record 2.', date '2026-01-24', date '2026-01-25', date '2026-01-28', null, date '2026-01-23');
insert into crm_activity_relations (activity_relation_id, activity_id, related_entity_type, related_entity_id, is_primary) values (822, 822, 'QUOTE', 2, 'Y');
insert into crm_activities (activity_id, activity_type_id, activity_status_id, activity_outcome_id, owner_user_id, assigned_user_id, subject, detail, scheduled_start_on, scheduled_end_on, due_on, completed_on, reminder_on) values (823, 1, 1, null, 213, 213, 'Quote follow-up #3', 'North America activity generated for quote record 3.', date '2026-01-26', date '2026-01-27', date '2026-01-31', null, date '2026-01-25');
insert into crm_activity_relations (activity_relation_id, activity_id, related_entity_type, related_entity_id, is_primary) values (823, 823, 'QUOTE', 3, 'Y');
insert into crm_activities (activity_id, activity_type_id, activity_status_id, activity_outcome_id, owner_user_id, assigned_user_id, subject, detail, scheduled_start_on, scheduled_end_on, due_on, completed_on, reminder_on) values (824, 2, 2, 2, 219, 219, 'Quote follow-up #4', 'North America activity generated for quote record 4.', date '2026-01-28', date '2026-01-29', date '2026-02-03', date '2026-02-02', date '2026-01-27');
insert into crm_activity_relations (activity_relation_id, activity_id, related_entity_type, related_entity_id, is_primary) values (824, 824, 'QUOTE', 4, 'Y');

commit;
-- END 07_crm_schema_activities_targets_part1.sql
prompt [8/9] 08_crm_schema_activities_targets_part2.sql
prompt ------------------------------------------------------------
-- BEGIN 08_crm_schema_activities_targets_part2.sql
-- Seed segment 4: activities, activity relations, targets, forecasts, part 2.

set define off;

insert into crm_activities (activity_id, activity_type_id, activity_status_id, activity_outcome_id, owner_user_id, assigned_user_id, subject, detail, scheduled_start_on, scheduled_end_on, due_on, completed_on, reminder_on) values (825, 3, 3, null, 225, 225, 'Quote follow-up #5', 'North America activity generated for quote record 5.', date '2026-01-30', date '2026-01-31', date '2026-02-01', null, date '2026-01-29');
insert into crm_activity_relations (activity_relation_id, activity_id, related_entity_type, related_entity_id, is_primary) values (825, 825, 'QUOTE', 5, 'Y');
insert into crm_activities (activity_id, activity_type_id, activity_status_id, activity_outcome_id, owner_user_id, assigned_user_id, subject, detail, scheduled_start_on, scheduled_end_on, due_on, completed_on, reminder_on) values (826, 4, 1, null, 226, 226, 'Quote follow-up #6', 'North America activity generated for quote record 6.', date '2026-02-01', date '2026-02-02', date '2026-02-04', null, date '2026-01-31');
insert into crm_activity_relations (activity_relation_id, activity_id, related_entity_type, related_entity_id, is_primary) values (826, 826, 'QUOTE', 6, 'Y');
insert into crm_activities (activity_id, activity_type_id, activity_status_id, activity_outcome_id, owner_user_id, assigned_user_id, subject, detail, scheduled_start_on, scheduled_end_on, due_on, completed_on, reminder_on) values (827, 5, 1, null, 232, 232, 'Quote follow-up #7', 'North America activity generated for quote record 7.', date '2026-02-03', date '2026-02-04', date '2026-02-07', null, date '2026-02-02');
insert into crm_activity_relations (activity_relation_id, activity_id, related_entity_type, related_entity_id, is_primary) values (827, 827, 'QUOTE', 7, 'Y');
insert into crm_activities (activity_id, activity_type_id, activity_status_id, activity_outcome_id, owner_user_id, assigned_user_id, subject, detail, scheduled_start_on, scheduled_end_on, due_on, completed_on, reminder_on) values (828, 6, 2, 6, 203, 101, 'Quote follow-up #8', 'North America activity generated for quote record 8.', date '2026-02-05', date '2026-02-06', date '2026-02-10', date '2026-02-09', date '2026-02-04');
insert into crm_activity_relations (activity_relation_id, activity_id, related_entity_type, related_entity_id, is_primary) values (828, 828, 'QUOTE', 8, 'Y');
insert into crm_activities (activity_id, activity_type_id, activity_status_id, activity_outcome_id, owner_user_id, assigned_user_id, subject, detail, scheduled_start_on, scheduled_end_on, due_on, completed_on, reminder_on) values (829, 1, 1, null, 209, 209, 'Quote follow-up #9', 'North America activity generated for quote record 9.', date '2026-02-07', date '2026-02-08', date '2026-02-13', null, date '2026-02-06');
insert into crm_activity_relations (activity_relation_id, activity_id, related_entity_type, related_entity_id, is_primary) values (829, 829, 'QUOTE', 9, 'Y');
insert into crm_activities (activity_id, activity_type_id, activity_status_id, activity_outcome_id, owner_user_id, assigned_user_id, subject, detail, scheduled_start_on, scheduled_end_on, due_on, completed_on, reminder_on) values (830, 2, 1, null, 215, 215, 'Quote follow-up #10', 'North America activity generated for quote record 10.', date '2026-02-09', date '2026-02-10', date '2026-02-11', null, date '2026-02-08');
insert into crm_activity_relations (activity_relation_id, activity_id, related_entity_type, related_entity_id, is_primary) values (830, 830, 'QUOTE', 10, 'Y');
insert into crm_activities (activity_id, activity_type_id, activity_status_id, activity_outcome_id, owner_user_id, assigned_user_id, subject, detail, scheduled_start_on, scheduled_end_on, due_on, completed_on, reminder_on) values (871, 1, 1, null, 201, 201, 'Order fulfillment checkpoint #1', 'North America activity generated for order record 1.', date '2025-03-08', date '2025-03-09', date '2025-03-11', null, date '2025-03-07');
insert into crm_activity_relations (activity_relation_id, activity_id, related_entity_type, related_entity_id, is_primary) values (871, 871, 'ORDER', 1, 'Y');
insert into crm_activities (activity_id, activity_type_id, activity_status_id, activity_outcome_id, owner_user_id, assigned_user_id, subject, detail, scheduled_start_on, scheduled_end_on, due_on, completed_on, reminder_on) values (872, 2, 2, 2, 207, 207, 'Order fulfillment checkpoint #2', 'North America activity generated for order record 2.', date '2025-03-10', date '2025-03-11', date '2025-03-14', date '2025-03-13', date '2025-03-09');
insert into crm_activity_relations (activity_relation_id, activity_id, related_entity_type, related_entity_id, is_primary) values (872, 872, 'ORDER', 2, 'Y');
insert into crm_activities (activity_id, activity_type_id, activity_status_id, activity_outcome_id, owner_user_id, assigned_user_id, subject, detail, scheduled_start_on, scheduled_end_on, due_on, completed_on, reminder_on) values (873, 3, 1, null, 213, 213, 'Order fulfillment checkpoint #3', 'North America activity generated for order record 3.', date '2025-03-12', date '2025-03-13', date '2025-03-17', null, date '2025-03-11');
insert into crm_activity_relations (activity_relation_id, activity_id, related_entity_type, related_entity_id, is_primary) values (873, 873, 'ORDER', 3, 'Y');
insert into crm_activities (activity_id, activity_type_id, activity_status_id, activity_outcome_id, owner_user_id, assigned_user_id, subject, detail, scheduled_start_on, scheduled_end_on, due_on, completed_on, reminder_on) values (874, 4, 1, null, 219, 219, 'Order fulfillment checkpoint #4', 'North America activity generated for order record 4.', date '2025-03-14', date '2025-03-15', date '2025-03-20', null, date '2025-03-13');
insert into crm_activity_relations (activity_relation_id, activity_id, related_entity_type, related_entity_id, is_primary) values (874, 874, 'ORDER', 4, 'Y');
insert into crm_activities (activity_id, activity_type_id, activity_status_id, activity_outcome_id, owner_user_id, assigned_user_id, subject, detail, scheduled_start_on, scheduled_end_on, due_on, completed_on, reminder_on) values (875, 5, 1, null, 225, 405, 'Order fulfillment checkpoint #5', 'North America activity generated for order record 5.', date '2025-03-16', date '2025-03-17', date '2025-03-18', null, date '2025-03-15');
insert into crm_activity_relations (activity_relation_id, activity_id, related_entity_type, related_entity_id, is_primary) values (875, 875, 'ORDER', 5, 'Y');
insert into crm_activities (activity_id, activity_type_id, activity_status_id, activity_outcome_id, owner_user_id, assigned_user_id, subject, detail, scheduled_start_on, scheduled_end_on, due_on, completed_on, reminder_on) values (876, 6, 2, 6, 226, 106, 'Order fulfillment checkpoint #6', 'North America activity generated for order record 6.', date '2025-03-18', date '2025-03-19', date '2025-03-21', date '2025-03-20', date '2025-03-17');
insert into crm_activity_relations (activity_relation_id, activity_id, related_entity_type, related_entity_id, is_primary) values (876, 876, 'ORDER', 6, 'Y');
insert into crm_activities (activity_id, activity_type_id, activity_status_id, activity_outcome_id, owner_user_id, assigned_user_id, subject, detail, scheduled_start_on, scheduled_end_on, due_on, completed_on, reminder_on) values (877, 1, 1, null, 232, 232, 'Order fulfillment checkpoint #7', 'North America activity generated for order record 7.', date '2025-03-20', date '2025-03-21', date '2025-03-24', null, date '2025-03-19');
insert into crm_activity_relations (activity_relation_id, activity_id, related_entity_type, related_entity_id, is_primary) values (877, 877, 'ORDER', 7, 'Y');
insert into crm_activities (activity_id, activity_type_id, activity_status_id, activity_outcome_id, owner_user_id, assigned_user_id, subject, detail, scheduled_start_on, scheduled_end_on, due_on, completed_on, reminder_on) values (878, 2, 1, null, 203, 203, 'Order fulfillment checkpoint #8', 'North America activity generated for order record 8.', date '2025-03-22', date '2025-03-23', date '2025-03-27', null, date '2025-03-21');
insert into crm_activity_relations (activity_relation_id, activity_id, related_entity_type, related_entity_id, is_primary) values (878, 878, 'ORDER', 8, 'Y');
insert into crm_activities (activity_id, activity_type_id, activity_status_id, activity_outcome_id, owner_user_id, assigned_user_id, subject, detail, scheduled_start_on, scheduled_end_on, due_on, completed_on, reminder_on) values (879, 3, 1, null, 209, 209, 'Order fulfillment checkpoint #9', 'North America activity generated for order record 9.', date '2025-03-24', date '2025-03-25', date '2025-03-30', null, date '2025-03-23');
insert into crm_activity_relations (activity_relation_id, activity_id, related_entity_type, related_entity_id, is_primary) values (879, 879, 'ORDER', 9, 'Y');
insert into crm_activities (activity_id, activity_type_id, activity_status_id, activity_outcome_id, owner_user_id, assigned_user_id, subject, detail, scheduled_start_on, scheduled_end_on, due_on, completed_on, reminder_on) values (880, 4, 3, null, 215, 403, 'Order fulfillment checkpoint #10', 'North America activity generated for order record 10.', date '2025-03-26', date '2025-03-27', date '2025-03-28', null, date '2025-03-25');
insert into crm_activity_relations (activity_relation_id, activity_id, related_entity_type, related_entity_id, is_primary) values (880, 880, 'ORDER', 10, 'Y');

--------------------------------------------------------------------------------
-- Targets, forecasts, and duplicate match rules
--------------------------------------------------------------------------------
insert into crm_sales_targets (target_id, target_scope_code, user_id, branch_id, region_id, period_start_date, period_end_date, target_amt, target_count) values (1, 'BRANCH', null, 1, null, date '2026-01-01', date '2026-01-31', 425000, 10);
insert into crm_sales_targets (target_id, target_scope_code, user_id, branch_id, region_id, period_start_date, period_end_date, target_amt, target_count) values (2, 'BRANCH', null, 2, null, date '2026-01-01', date '2026-01-31', 470000, 11);
insert into crm_sales_targets (target_id, target_scope_code, user_id, branch_id, region_id, period_start_date, period_end_date, target_amt, target_count) values (3, 'BRANCH', null, 3, null, date '2026-01-01', date '2026-01-31', 515000, 12);
insert into crm_sales_targets (target_id, target_scope_code, user_id, branch_id, region_id, period_start_date, period_end_date, target_amt, target_count) values (4, 'BRANCH', null, 4, null, date '2026-01-01', date '2026-01-31', 560000, 13);
insert into crm_sales_targets (target_id, target_scope_code, user_id, branch_id, region_id, period_start_date, period_end_date, target_amt, target_count) values (5, 'BRANCH', null, 5, null, date '2026-01-01', date '2026-01-31', 605000, 9);
insert into crm_sales_targets (target_id, target_scope_code, user_id, branch_id, region_id, period_start_date, period_end_date, target_amt, target_count) values (6, 'BRANCH', null, 6, null, date '2026-01-01', date '2026-01-31', 650000, 10);
insert into crm_sales_targets (target_id, target_scope_code, user_id, branch_id, region_id, period_start_date, period_end_date, target_amt, target_count) values (7, 'BRANCH', null, 7, null, date '2026-01-01', date '2026-01-31', 695000, 11);
insert into crm_sales_targets (target_id, target_scope_code, user_id, branch_id, region_id, period_start_date, period_end_date, target_amt, target_count) values (8, 'BRANCH', null, 1, null, date '2026-02-01', date '2026-02-28', 437000, 11);
insert into crm_sales_targets (target_id, target_scope_code, user_id, branch_id, region_id, period_start_date, period_end_date, target_amt, target_count) values (9, 'BRANCH', null, 2, null, date '2026-02-01', date '2026-02-28', 482000, 12);
insert into crm_sales_targets (target_id, target_scope_code, user_id, branch_id, region_id, period_start_date, period_end_date, target_amt, target_count) values (10, 'BRANCH', null, 3, null, date '2026-02-01', date '2026-02-28', 527000, 13);

insert into crm_forecasts (forecast_id, forecast_category_id, forecast_scope_code, user_id, branch_id, region_id, period_start_date, period_end_date, snapshot_date, forecast_amt) values (1, 1, 'REGION', null, null, 1, date '2026-01-01', date '2026-01-31', date '2026-01-15', 5535000);
insert into crm_forecasts (forecast_id, forecast_category_id, forecast_scope_code, user_id, branch_id, region_id, period_start_date, period_end_date, snapshot_date, forecast_amt) values (2, 2, 'REGION', null, null, 1, date '2026-01-01', date '2026-01-31', date '2026-01-15', 4715000);
insert into crm_forecasts (forecast_id, forecast_category_id, forecast_scope_code, user_id, branch_id, region_id, period_start_date, period_end_date, snapshot_date, forecast_amt) values (3, 3, 'REGION', null, null, 1, date '2026-01-01', date '2026-01-31', date '2026-01-15', 3895000);
insert into crm_forecasts (forecast_id, forecast_category_id, forecast_scope_code, user_id, branch_id, region_id, period_start_date, period_end_date, snapshot_date, forecast_amt) values (4, 4, 'REGION', null, null, 1, date '2026-01-01', date '2026-01-31', date '2026-01-15', 3198000);
insert into crm_forecasts (forecast_id, forecast_category_id, forecast_scope_code, user_id, branch_id, region_id, period_start_date, period_end_date, snapshot_date, forecast_amt) values (5, 1, 'REGION', null, null, 1, date '2026-02-01', date '2026-02-28', date '2026-02-15', 5663250);
insert into crm_forecasts (forecast_id, forecast_category_id, forecast_scope_code, user_id, branch_id, region_id, period_start_date, period_end_date, snapshot_date, forecast_amt) values (6, 2, 'REGION', null, null, 1, date '2026-02-01', date '2026-02-28', date '2026-02-15', 4824250);
insert into crm_forecasts (forecast_id, forecast_category_id, forecast_scope_code, user_id, branch_id, region_id, period_start_date, period_end_date, snapshot_date, forecast_amt) values (7, 3, 'REGION', null, null, 1, date '2026-02-01', date '2026-02-28', date '2026-02-15', 3985250);
insert into crm_forecasts (forecast_id, forecast_category_id, forecast_scope_code, user_id, branch_id, region_id, period_start_date, period_end_date, snapshot_date, forecast_amt) values (8, 4, 'REGION', null, null, 1, date '2026-02-01', date '2026-02-28', date '2026-02-15', 3272100);
insert into crm_forecasts (forecast_id, forecast_category_id, forecast_scope_code, user_id, branch_id, region_id, period_start_date, period_end_date, snapshot_date, forecast_amt) values (9, 1, 'REGION', null, null, 1, date '2026-03-01', date '2026-03-31', date '2026-03-15', 5791500);
insert into crm_forecasts (forecast_id, forecast_category_id, forecast_scope_code, user_id, branch_id, region_id, period_start_date, period_end_date, snapshot_date, forecast_amt) values (10, 2, 'REGION', null, null, 1, date '2026-03-01', date '2026-03-31', date '2026-03-15', 4933500);


commit;
-- END 08_crm_schema_activities_targets_part2.sql
prompt [9/9] 09_crm_schema_identity_sync.sql
prompt ------------------------------------------------------------
-- BEGIN 09_crm_schema_identity_sync.sql
-- Synchronize identity columns after manual seed loads or app-driven inserts.

alter table crm_lead_types modify lead_type_id generated by default on null as identity (start with limit value);
alter table crm_lead_states modify lead_state_id generated by default on null as identity (start with limit value);
alter table crm_lead_sources modify lead_source_id generated by default on null as identity (start with limit value);
alter table crm_lead_disqualification_reasons modify lead_disqual_reason_id generated by default on null as identity (start with limit value);
alter table crm_opportunity_stages modify opportunity_stage_id generated by default on null as identity (start with limit value);
alter table crm_opportunity_categories modify opportunity_category_id generated by default on null as identity (start with limit value);
alter table crm_opportunity_close_reasons modify opportunity_close_reason_id generated by default on null as identity (start with limit value);
alter table crm_quote_statuses modify quote_status_id generated by default on null as identity (start with limit value);
alter table crm_customer_statuses modify customer_status_id generated by default on null as identity (start with limit value);
alter table crm_customer_priorities modify customer_priority_id generated by default on null as identity (start with limit value);
alter table crm_activity_types modify activity_type_id generated by default on null as identity (start with limit value);
alter table crm_activity_statuses modify activity_status_id generated by default on null as identity (start with limit value);
alter table crm_activity_outcomes modify activity_outcome_id generated by default on null as identity (start with limit value);
alter table crm_contact_roles modify contact_role_id generated by default on null as identity (start with limit value);
alter table crm_contact_channels modify contact_channel_id generated by default on null as identity (start with limit value);
alter table crm_approval_statuses modify approval_status_id generated by default on null as identity (start with limit value);
alter table crm_payment_modes modify payment_mode_id generated by default on null as identity (start with limit value);
alter table crm_payment_statuses modify payment_status_id generated by default on null as identity (start with limit value);
alter table crm_order_statuses modify order_status_id generated by default on null as identity (start with limit value);
alter table crm_invoice_statuses modify invoice_status_id generated by default on null as identity (start with limit value);
alter table crm_forecast_categories modify forecast_category_id generated by default on null as identity (start with limit value);
alter table crm_order_sources modify order_source_id generated by default on null as identity (start with limit value);
alter table crm_regions modify region_id generated by default on null as identity (start with limit value);
alter table crm_branches modify branch_id generated by default on null as identity (start with limit value);
alter table crm_roles modify role_id generated by default on null as identity (start with limit value);
alter table crm_users modify user_id generated by default on null as identity (start with limit value);
alter table crm_industries modify industry_id generated by default on null as identity (start with limit value);
alter table crm_product_types modify product_type_id generated by default on null as identity (start with limit value);
alter table crm_products modify product_id generated by default on null as identity (start with limit value);
alter table crm_account_relationship_statuses modify account_relationship_status_id generated by default on null as identity (start with limit value);
alter table crm_accounts modify account_id generated by default on null as identity (start with limit value);
alter table crm_contacts modify contact_id generated by default on null as identity (start with limit value);
alter table crm_account_contact_roles modify account_contact_role_id generated by default on null as identity (start with limit value);
alter table crm_customers modify customer_id generated by default on null as identity (start with limit value);
alter table crm_leads modify lead_id generated by default on null as identity (start with limit value);
alter table crm_lead_history modify lead_hist_id generated by default on null as identity (start with limit value);
alter table crm_opportunities modify opportunity_id generated by default on null as identity (start with limit value);
alter table crm_opportunity_stage_history modify opp_stage_hist_id generated by default on null as identity (start with limit value);
alter table crm_opportunity_history modify opportunity_hist_id generated by default on null as identity (start with limit value);
alter table crm_opportunity_contacts modify opportunity_contact_id generated by default on null as identity (start with limit value);
alter table crm_opportunity_products modify opportunity_product_id generated by default on null as identity (start with limit value);
alter table crm_customer_contacts modify customer_contact_id generated by default on null as identity (start with limit value);
alter table crm_customer_history modify customer_hist_id generated by default on null as identity (start with limit value);
alter table crm_quotes modify quote_id generated by default on null as identity (start with limit value);
alter table crm_quote_lines modify quote_line_id generated by default on null as identity (start with limit value);
alter table crm_quote_history modify quote_hist_id generated by default on null as identity (start with limit value);
alter table crm_activities modify activity_id generated by default on null as identity (start with limit value);
alter table crm_activity_relations modify activity_relation_id generated by default on null as identity (start with limit value);
alter table crm_approval_rules modify approval_rule_id generated by default on null as identity (start with limit value);
alter table crm_access_rules modify access_rule_id generated by default on null as identity (start with limit value);
alter table crm_orders modify order_id generated by default on null as identity (start with limit value);
alter table crm_order_history modify order_hist_id generated by default on null as identity (start with limit value);
alter table crm_approval_actions modify approval_action_id generated by default on null as identity (start with limit value);
alter table crm_bookings modify booking_id generated by default on null as identity (start with limit value);
alter table crm_booking_history modify booking_hist_id generated by default on null as identity (start with limit value);
alter table crm_invoices modify invoice_id generated by default on null as identity (start with limit value);
alter table crm_invoice_history modify invoice_hist_id generated by default on null as identity (start with limit value);
alter table crm_payments modify payment_id generated by default on null as identity (start with limit value);
alter table crm_payment_history modify payment_hist_id generated by default on null as identity (start with limit value);
alter table crm_sales_targets modify target_id generated by default on null as identity (start with limit value);
alter table crm_forecasts modify forecast_id generated by default on null as identity (start with limit value);
alter table crm_duplicate_match_rules modify match_rule_id generated by default on null as identity (start with limit value);

commit;
-- END 09_crm_schema_identity_sync.sql
prompt ------------------------------------------------------------
whenever oserror continue none
whenever sqlerror continue none

prompt ============================================================
prompt Combined CRM install completed successfully
prompt ============================================================
